Name,Highly_Influential_Citations,Highly_Influential_Citations_Updated,Semantic Scholar URL,hindexscopus2019,Papers_by_author_scopus_2019,Total_citations_scopus_2019,Hindex_2014_google_scholar,Hindex_google_scholar_overall,Scopus_URL,Google_scholar_URL,Affiliation,City,Citations All (Google Scholar),Citations (Since 2014),Expertise
Mayur Datar,1069,1069,https://www.semanticscholar.org/author/Mayur-Datar/1703747,19,23,6001,,,https://www.scopus.com/authid/detail.uri?authorId=7003516539,,Flipkart,Bengaluru,,,"Data mining, Algorithms, Databases, Computer science theory"
Rajeev Rastogi,1058,1056,https://www.semanticscholar.org/author/Rajeev-Rastogi/1696519,42,149,8602,33,67,https://www.scopus.com/authid/detail.uri?authorId=7202417523,https://scholar.google.com/citations?user=3ggE9SkAAAAJ,Amazon,Bengaluru,23373,6036,"Machine Learning, Distributed Systems, Algorithms"
Prateek Jain,881,860,https://www.semanticscholar.org/author/Prateek-Jain/3164102,24,77,3324,34,40,https://www.scopus.com/authid/detail.uri?authorId=35344727500,https://scholar.google.com/citations?user=qYhRbJoAAAAJ&hl=en,"Microsoft Research, Bangalore",Bengaluru,7722,6020,Machine Learning
Soumen Chakrabarti,849,836,https://www.semanticscholar.org/author/Soumen-Chakrabarti/2197703,65,454,19340,30,52,https://www.scopus.com/authid/detail.uri?authorId=35227027300,https://scholar.google.com/citations?user=LfF2zfQAAAAJ&hl=en,IIT Bombay,Mumbai,17960,4226,Web search Web mining Social Networks Machine Learning
Manik Varma,790,766,https://www.semanticscholar.org/author/Manik-Varma/32463160,22,29,4041,22,23,https://www.scopus.com/authid/detail.uri?authorId=24823171100,https://scholar.google.co.in/citations?user=slkxxyIAAAAJ&hl=en,"Microsoft Research India, IIT Delhi.",New Delhi,6685,3666,Machine Learning Computer Vision Computational advertising
Narasimha Murty,661,658,https://www.semanticscholar.org/author/M.-Narasimha-Murty/1750539,1,2,15,16,27,https://www.scopus.com/authid/detail.uri?authorId=6602186112,https://scholar.google.com/citations?user=VQZTmpcAAAAJ&hl=en,IISc Bangalore,Bengaluru,19374,6780,Pattern Recognition Data Mining Machine Learning information retrieval topic models
Swagatam Das,658,657,https://www.semanticscholar.org/author/Swagatam-Das/1747655,47,379,11153,48,60,https://www.scopus.com/authid/detail.uri?authorId=24729258600,https://scholar.google.com/citations?hl=en&user=L8XYpAwAAAAJ&view_op=list_works&sortby=pubdate,Indian Statistical Institute,Kolkata,16027,11236,Artificial intelligence Evolutionary Algorithm Differential Evolution Swarm Intelligence Machine Learning
Nikhil R. Pal,608,678,https://www.semanticscholar.org/author/Nikhil-R.-Pal/1708545,45,218,11218,36,55,https://www.scopus.com/authid/detail.uri?authorId=35561327100,https://scholar.google.com/citations?user=IGIvYfAAAAAJ&hl=en,Indian Statistical Institute,Kolkata,20894,7763,"Pattern Recognition, Machine learning, Fuzzy Logic, Neural networks, Image Processing"
Sunita Sarawagi,595,586,https://www.semanticscholar.org/author/Sunita-Sarawagi/1770124,25,58,3439,26,44,https://www.scopus.com/authid/detail.uri?authorId=55968663300,https://scholar.google.com/citations?user=Hg4HmTAAAAAJ&hl=en,IIT Bombay,Mumbai,11463,3322,"databases, data mining, machine learning and statistics"
Sankar Kumar Pal,587,574,https://www.semanticscholar.org/author/Sankar-K.-Pal/1736103,49,320,11708,43,78,https://www.scopus.com/authid/detail.uri?authorId=7402277726,https://scholar.google.co.in/citations?user=V-pTYdUAAAAJ,Indian Statistical Institute,Kolkata,32047,9269,Soft Computing Image Processing Data Mining Pattern Recognition Machine Intelligence
Sanghamitra Bandyopadhyay,584,566,https://www.semanticscholar.org/author/Sanghamitra-Bandyopadhyay/1684232,40,207,7849,38,51,https://www.scopus.com/authid/detail.uri?authorId=7402057893,https://scholar.google.com/citations?hl=en&user=mHrEBuUAAAAJ&view_op=list_works&sortby=pubdate,Indian Statistical Institute,Kolkata,14170,7085,Computational BiologyEvolutionary ComputationPattern Recognition Data Mining
Raghu Krishnapuram,550,572,https://www.semanticscholar.org/author/Raghu-Krishnapuram/1769461,34,111,6503,21,47,https://www.scopus.com/authid/detail.uri?authorId=35562479300,https://scholar.google.co.in/citations?user=OftxRCEAAAAJ&hl=en,IISc,Bengaluru,12232,2598,Artificial intelligence Autonomous Robots
Mausam,516,510,https://www.semanticscholar.org/author/Mausam/2674444,19,58,2075,29,33,https://www.scopus.com/authid/detail.uri?authorId=55963402300,https://scholar.google.com/citations?user=5y4YmFcAAAAJ&hl=en,IIT Delhi,New Delhi,5805,4306,Artificial intelligence Planning under Uncertainty Information Extraction Human Computation
Anirban Dasgupta,482,415,https://www.semanticscholar.org/author/Anirban-Dasgupta/1709101,16,81,952,8,8,https://www.scopus.com/authid/detail.uri?authorId=35584686500,https://scholar.google.com/citations?user=jDcw2nMAAAAJ&hl=en,IIT Kharagpur,Gandhinagar,154,145,Signal and Image Processing Machine Learning Computer Vision Embedded Systems
Yegnanarayana Bayya,434,424,https://www.semanticscholar.org/author/Bayya-Yegnanarayana/1741065,1,3,27,32,53,https://www.scopus.com/authid/detail.uri?authorId=55735340200,https://scholar.google.com/citations?user=e9YThaYAAAAJ&hl=en,IIIT Hyderabad,Hyderabad,11859,4918,Speech image Signal processing artificial neural networks
C. V. Jawahar,372,362,https://www.semanticscholar.org/author/C.-V.-Jawahar/1694502,27,282,2927,30,39,https://www.scopus.com/authid/detail.uri?authorId=6701503911,https://scholar.google.com/citations?user=U9dH-DoAAAAJ&hl=en,IIIT Hyderabad,Hyderabad,6261,4135,Computer Vision
Chiranjib Bhattacharyya,355,351,https://www.semanticscholar.org/author/Chiranjib-Bhattacharyya/4084728,18,92,2930,19,24,https://www.scopus.com/authid/detail.uri?authorId=6701703652,https://scholar.google.co.in/citations?user=SbYoEmQAAAAJ&hl=en,IISc Bangalore,Bengaluru,5368,2210,Machine Learning
Umapada Pal,341,340,https://www.semanticscholar.org/author/Umapada-Pal/1740569,31,300,3980,32,45,https://www.scopus.com/authid/detail.uri?authorId=57200742116,https://scholar.google.com/citations?user=2_z_CogAAAAJ&hl=en,Indian Statistical Institute,Kolkata,8440,4699,OCR Document Analysis
Bidyut Baran Chaudhuri,331,328,https://www.semanticscholar.org/author/Bidyut-Baran-Chaudhuri/1759420,36,269,5997,33,52,https://www.scopus.com/authid/detail.uri?authorId=7101623219,https://scholar.google.com/citations?user=LYNgDQ8AAAAJ&hl=en,Indian Statistical Institute,Kolkata,12025,4439,Computer Vision Pattern Recognition Digital Document Processing OCR Natural Language Processing
Amit Konar,283,280,https://www.semanticscholar.org/author/Amit-Konar/1740557,29,408,4624,31,40,https://www.scopus.com/authid/detail.uri?authorId=7004422312,https://scholar.google.com/citations?user=s1F23CAAAAAJ&hl=en,Jadavpur University,Kolkata,9119,5288,Artificial intelligence Computational Intelligence Pattern Recognition Image Processing Robotics
Richa Singh,272,347,https://www.semanticscholar.org/author/Richa-Singh/39129417,27,188,2928,33,39,https://www.scopus.com/authid/detail.uri?authorId=15061841400,https://scholar.google.com/citations?user=okqK5UAAAAAJ&hl=en,IIIT Delhi,New Delhi,5542,3790,Biometrics Pattern Recognition Machine Learning Face Recognition Deep Learning
Mayank Vatsa,261,338,https://www.semanticscholar.org/author/Mayank-Vatsa/2338122,27,193,2939,33,39,https://www.scopus.com/authid/detail.uri?authorId=55908650100,https://scholar.google.com/citations?user=-DAxp-cAAAAJ&hl=en,IIIT Delhi,New Delhi,5541,3792,Biometrics Image Processing Deep Learning Machine Learning Computer Vision
Shirish Shevade,253,249,https://www.semanticscholar.org/author/Shirish-K.-Shevade/1772326,13,52,2427,13,16,https://www.scopus.com/authid/detail.uri?authorId=6602108054,https://scholar.google.com/citations?user=HOIpJSwAAAAJ&hl=en,IISc Bangalore,Bengaluru,4615,1672,Machine Learning
Vivek Borkar,247,247,https://www.semanticscholar.org/author/Vivek-S.-Borkar/2136886,26,103,3316,26,45,https://www.scopus.com/authid/detail.uri?authorId=7006446498,https://scholar.google.com/citations?user=Km1V8WwAAAAJ&hl=en,IIT Bombay,Mumbai,10280,3399,Stochastic Control Markov Decision Processes Stochastic Approximation
Jatin Chhugani,239,278,https://www.semanticscholar.org/author/Jatin-Chhugani/1727275,20,33,2090,24,29,https://www.scopus.com/authid/detail.uri?authorId=6506913869,https://scholar.google.com/citations?user=Zjshth4AAAAJ&hl=en,Flipkart,Palo Alto,4647,2688,Deep Learning Performant SystemsEdge ComputingHPCComputer Vision /Graphics.
P J Narayanan,236,238,https://www.semanticscholar.org/author/P.-J.-Narayanan/1729020,16,94,1910,17,27,https://www.scopus.com/authid/detail.uri?authorId=7103082028,https://scholar.google.com/citations?user=3HKjt_IAAAAJ&hl=en,IIIT Hyderabad,Hyderabad,4984,1769,Computer Vision Computer Graphics Parallel Computing
Vikas Raykar,225,228,https://www.semanticscholar.org/author/Vikas-C.-Raykar/2401938,20,48,1961,17,24,https://www.scopus.com/authid/detail.uri?authorId=6507329876,https://scholar.google.co.in/citations?user=R-Cgh08AAAAJ&hl=en,IBM,Bengaluru,3552,2220,Machine Learning Data Mining CrowdsourcingMedical Imaging
Arjun Jain,221,223,https://www.semanticscholar.org/author/Arjun-Jain/49147969,10,17,879,14,15,https://www.scopus.com/authid/detail.uri?authorId=25421613000,https://scholar.google.co.in/citations?user=elmWdycAAAAJ&hl=en,IIT Bombay,Mumbai,2308,2175,Machine Learning Computer Vision Computer Graphics
Pabitra Mitra,205,200,https://www.semanticscholar.org/author/Pabitra-Mitra/1781070,11,116,364,24,32,https://www.scopus.com/authid/detail.uri?authorId=55908525400,https://scholar.google.com/citations?user=5bXSZPYAAAAJ&hl=en,IIT Kharagpur,Kharagpur,6724,2827,Machine Learning Pattern Recognition Data Mining information retrieval
Subhasis Chaudhuri,200,207,https://www.semanticscholar.org/author/Subhasis-Chaudhuri/39593068,31,228,4276,25,42,https://www.scopus.com/authid/detail.uri?authorId=7402977965,https://scholar.google.com/citations?user=84VkdegAAAAJ&hl=en,IIT Bombay,Mumbai,7731,2906,Computer Vision Image Processing Computer Science Electrical Engineering haptics
Praneeth Netrapalli,200,242,https://www.semanticscholar.org/author/Praneeth-Netrapalli/1751626,10,23,681,20,20,https://www.scopus.com/authid/detail.uri?authorId=37013799100,https://scholar.google.com/citations?user=mim8FQkAAAAJ&hl=en,Microsoft,Bengaluru,2178,2109,Machine Learning
Parag Singla,197,194,https://www.semanticscholar.org/author/Parag-Singla/35108153,13,46,1059,16,19,https://www.scopus.com/authid/detail.uri?authorId=10244352500,https://scholar.google.com/citations?user=V49BsgMAAAAJ&hl=en,IIT Delhi,New Delhi,2701,1250,Statistical Relational Learning Machine Learning
Pushpak Bhattacharyya,187,188,https://www.semanticscholar.org/author/Pushpak-Bhattacharyya/1697471,14,173,697,25,33,https://www.scopus.com/authid/detail.uri?authorId=7101803108,https://scholar.google.com/citations?user=vvg-pAkAAAAJ&hl=en,IIT Bombay,Mumbai,4926,2967,Natural Language Processing Machine Learning Machine Translation Cross Lingual IRWord Sense Disambiguation
Vineet Chaoji,184,180,https://www.semanticscholar.org/author/Vineet-Chaoji/2603519,14,20,664,15,19,https://www.scopus.com/authid/detail.uri?authorId=24179132200,https://scholar.google.com/citations?user=sXPYZ-IAAAAJ&hl=en,Amazon,Bengaluru,2044,1219,Data Mining Machine Learning
Ashwin Srinivasan,180,192,https://www.semanticscholar.org/author/Ashwin-Srinivasan/34340386,23,91,1705,16,41,https://www.scopus.com/authid/detail.uri?authorId=7202314451,https://scholar.google.co.in/citations?hl=en&user=zpNTeogAAAAJ&view_op=list_works,BITS Pilani,Goa,5441,1058,Inductive Logic Programming Machine Learning Systems Biology Neuro-Symbolic Models
Dipti Misra Sharma,180,180,https://www.semanticscholar.org/author/Dipti-Misra-Sharma/35246152,7,46,167,,,https://www.scopus.com/authid/detail.uri?authorId=27568175600,,IIIT Hyderabad,Hyderabad,,,Machine Translation Linguistics
Sushmita Mitra,179,166,https://www.semanticscholar.org/author/Sushmita-Mitra/40190676,28,113,4764,24,35,https://www.scopus.com/authid/detail.uri?authorId=7403177739,https://scholar.google.com/citations?user=PrUB1fAAAAAJ&hl=en,Indian Statistical Institute,Kolkata,9235,3290,Artificial intelligence Image Processing Pattern Recognition Bioinformatics Computational Intelligence
Anurag Mittal,176,171,https://www.semanticscholar.org/author/Anurag-Mittal/1717115,21,51,2076,20,28,https://www.scopus.com/authid/detail.uri?authorId=7103357341,https://scholar.google.com/citations?user=mB9AZSAAAAAJ&hl=en,IIT Madras,Chennai,4130,1549,Computer Vision Image Processing
Jayavardhana Gubbi,174,196,https://www.semanticscholar.org/author/Jayavardhana-Gubbi/1715321,13,69,4199,15,17,https://www.scopus.com/authid/detail.uri?authorId=23090806600,https://scholar.google.com/citations?hl=en&user=Ec2g4ewAAAAJ&view_op=list_works&sortby=pubdate,TCS,Bengaluru,7469,7086,Computer Vision Pattern Recognition internet of thingsBiomedical engineering
Arijit Biswas,171,165,https://www.semanticscholar.org/author/Arijit-Biswas/47606073,23,65,1980,16,17,https://www.scopus.com/authid/detail.uri?authorId=35554713800,https://scholar.google.com/citations?user=Hu2Ht28AAAAJ&hl=en,Amazon,Bengaluru,2436,1596,Machine Learning Deep Learning Computer Vision Human Computer Interaction Bio-inspired Optimization
Partha Pratim Talukdar,166,167,https://www.semanticscholar.org/author/Partha-Pratim-Talukdar/2408872,20,53,1068,24,29,https://www.scopus.com/authid/detail.uri?authorId=25652280700,https://scholar.google.com/citations?user=CIZwXAcAAAAJ&hl=en,IISc Bangalore,Bengaluru,2721,1961,Machine Learning Natural Language Processing Knowledge Graphs
Piyush Rai,166,159,https://www.semanticscholar.org/author/Piyush-Rai/2866230,11,29,659,16,18,https://www.scopus.com/authid/detail.uri?authorId=36768797700,https://scholar.google.com/citations?user=D50grEgAAAAJ&hl=en,IIT Kanpur,Kanpur,1498,1198,Machine Learning Artificial intelligence
Shalabh Bhatnagar,162,115,https://www.semanticscholar.org/author/Shalabh-Bhatnagar/38716128,18,152,1461,15,25,https://www.scopus.com/authid/detail.uri?authorId=23396008300,https://scholar.google.com/citations?user=cj3fJJsbjAoC&hl=en,IISc Bangalore,Bengaluru,2873,1530,Stochastic systems control simulation optimization
Manish Gupta,158,165,https://www.semanticscholar.org/author/Manish-Gupta/29303295,14,180,732,24,26,https://www.scopus.com/authid/detail.uri?authorId=56637165100,https://scholar.google.com/citations?user=eX9PSu0AAAAJ&hl=en,"Microsoft, IIIT-H, ISB",Hyderabad,2665,2212,Web mining Data Mining Deep Learning
Phalguni Gupta,157,221,https://www.semanticscholar.org/author/Phalguni-Gupta/1713689,21,266,2077,55,83,https://www.scopus.com/authid/detail.uri?authorId=55466500800,https://scholar.google.com/citations?user=syHS0f0AAAAJ,"National Institute Of Technical Teachers Training & Research, Kolkata",Kolkata,44109,21569,Image Processing Biometrics Computer Vision Pattern ClassificationParallel Computing
A. N. Rajagopalan,148,163,https://www.semanticscholar.org/author/A.-N.-Rajagopalan/1689063,21,141,2056,18,27,https://www.scopus.com/authid/detail.uri?authorId=16647440100,https://scholar.google.com/citations?hl=en&user=jXTZEw4AAAAJ&view_op=list_works&sortby=pubdate,IIT Madras,Chennai,3938,1441,Image Processing and Computer Vision
R. Venkatesh Babu,148,148,https://www.semanticscholar.org/author/R.-Venkatesh-Babu/1956214,17,77,906,28,23,https://www.scopus.com/authid/detail.uri?authorId=57202410887,https://scholar.google.com/citations?user=cVg7HrEAAAAJ&hl=en,IISc,Bengaluru,2973,2026,Computer Vision Image Processing Video Analytics Data Compression Machine Learning
Kamalakar Karlapalem,141,208,https://www.semanticscholar.org/author/Kamalakar-Karlapalem/1707849,18,123,1274,16,38,https://www.scopus.com/authid/detail.uri?authorId=55908586300,https://scholar.google.com/citations?user=bEZqpLsAAAAJ&hl=en,IIIT Hyderabad,Hyderabad,4956,1037,Visual Analytics Data Mining Multi-agent Systems Robotics Workflows
Amit Deshpande,140,152,https://www.semanticscholar.org/author/Amit-Deshpande/33341943,9,20,660,10,13,https://www.scopus.com/authid/detail.uri?authorId=8405535500,https://scholar.google.com/citations?hl=en&user=_IZqWbgAAAAJ&view_op=list_works&sortby=pubdate,Microsoft,Bengaluru,1551,972,
Hema A Murthy,134,138,https://www.semanticscholar.org/author/Hema-A.-Murthy/1726726,19,137,1438,21,29,https://www.scopus.com/authid/detail.uri?authorId=57200197348,https://scholar.google.com/citations?user=AQ8w2uEAAAAJ&hl=en,IIT Madras,Chennai,3208,1534,Speech Processing speech synthesis music processing neuronal Signal processing Machine Learning
Bhaskar Dasgupta,134,143,https://www.semanticscholar.org/author/Bhaskar-Dasgupta/46369881,16,55,2118,14,17,https://www.scopus.com/authid/detail.uri?authorId=7101791322,https://scholar.google.com/citations?user=V6ddZSkAAAAJ&hl=en,IIT Kanpur,Kanpur,2988,955,Robotics CAD Optimization Molecular Docking Applied Mathematics
Sri Rama Murty K,129,152,https://www.semanticscholar.org/author/K.-Sri-Rama-Murty/2640929,7,22,658,10,13,https://www.scopus.com/authid/detail.uri?authorId=16744456100,https://scholar.google.com/citations?user=PMHlwxQAAAAJ&hl=en,IIT Hyderabad,Hyderabad,1418,871,Speech Signal processing
Rahul Garg,123,119,https://www.semanticscholar.org/author/Rahul-Garg/9748713,17,53,1093,16,26,https://www.scopus.com/authid/detail.uri?authorId=57191367262,https://scholar.google.com/citations?user=1B4UlwUAAAAJ&hl=en,IIT Delhi,New Delhi,3167,1001,Neuroimaging Machine Learning Big Data Analytics Algorithms
Indrajit Bhattacharya,123,123,https://www.semanticscholar.org/author/Indrajit-Bhattacharya/2173367,13,27,882,13,17,https://www.scopus.com/authid/detail.uri?authorId=14024110800,https://scholar.google.co.in/citations?user=MXUN8qgAAAAJ&hl=en,TCS Innovation Labs,Kolkata,2058,913,Machine Learning Probabilistic Topic Models Bayesian Nonparametrics
Vinayaka Pandit,123,122,https://www.semanticscholar.org/author/Vinayaka-Pandit/2183936,11,39,791,10,17,https://www.scopus.com/authid/detail.uri?authorId=7003581805,https://scholar.google.com/citations?user=W-HhYVkAAAAJ&hl=en,IBM,Bengaluru,2340,841,Algorithms
Sriparna Saha,118,112,https://www.semanticscholar.org/author/Sriparna-Saha/1777669,18,181,1786,20,21,https://www.scopus.com/authid/detail.uri?authorId=17435835500,https://scholar.google.com/citations?user=Fj7jA_AAAAAJ&hl=en,IIT Patna,Patna,2832,1923,Artificial intelligence Clustering Algorithms Natural Language Processing
Sivaji Bandyopadhyay,116,118,https://www.semanticscholar.org/author/Sivaji-Bandyopadhyay/1722399,13,154,756,22,34,https://www.scopus.com/authid/detail.uri?authorId=23092721400,https://scholar.google.com/citations?user=qaIbHNwAAAAJ&hl=en,Jadavpur University,Kolkata,4639,2765,Natural Language Processing Machine Translation information retrieval
Vadlamani Ravi,115,113,https://www.semanticscholar.org/author/Vadlamani-Ravi/2758547,27,143,2922,27,34,https://www.scopus.com/authid/detail.uri?authorId=55128072100,https://scholar.google.com/citations?user=Q_szXyoAAAAJ&hl=en,Institute for Development and Research in Banking Technology,Hyderabad,5163,3082,Predictive Analytics Data Imputation Bankruptcy Prediction Analytical CRM Data/Text/Time Series Data Mining /Soft/Fuzzy/Neuro
K. R. Ramakrishnan,114,97,https://www.semanticscholar.org/author/K.-R.-Ramakrishnan/1697387,13,136,1536,17,28,https://www.scopus.com/authid/detail.uri?authorId=7101600367,https://scholar.google.com/citations?user=x0lDGegAAAAJ&hl=en,IISc Bangalore,Bengaluru,3954,1132,Image Processing Computer Vision MultimediaVideo Analysis
A G Ramakrishnan,108,113,https://www.semanticscholar.org/author/A.-G.-Ramakrishnan/1725009,21,163,1502,19,28,https://www.scopus.com/authid/detail.uri?authorId=7006089567,https://scholar.google.com/citations?user=IPjx_EIAAAAJ&hl=en,IISc Bangalore,Bengaluru,3249,1587,Deep Learning Speech recognition Auditory neuroscienceBCIMachine listening
Angshul Majumdar,107,191,https://www.semanticscholar.org/author/Angshul-Majumdar/2641605,20,199,1498,24,26,https://www.scopus.com/authid/detail.uri?authorId=23971203100,https://scholar.google.com/citations?user=nwNIkAUAAAAJ&hl=en,Indraprastha Institute of Information Technology,New Delhi,2538,1950,Compressed Sensing Deep Learning Image Reconstruction Inverse Problems
Gaurav Aggarwal,106,104,https://www.semanticscholar.org/author/Gaurav-Aggarwal/1867477,18,51,965,16,21,https://www.scopus.com/authid/detail.uri?authorId=7004312925,https://scholar.google.com/citations?hl=en&user=9XiIwDQAAAAJ&view_op=list_works&sortby=pubdate,Ola,Bengaluru,1465,784,Computer Vision Face RecogntionVideo Surveillance
Ramesh Hariharan,105,102,https://www.semanticscholar.org/author/Ramesh-Hariharan/1725509,11,36,386,17,29,https://www.scopus.com/authid/detail.uri?authorId=7007171239,https://scholar.google.co.in/citations?user=EM2k5ZcAAAAJ&hl=en,Strand Life Sciences,Bengaluru,3439,1080,Algorithms
Balaraman Ravindran,104,101,https://www.semanticscholar.org/author/Balaraman-Ravindran/1723632,16,98,806,20,26,https://www.scopus.com/authid/detail.uri?authorId=25641982200,https://scholar.google.com/citations?hl=en&user=nGUcGrYAAAAJ&view_op=list_works,IIT Madras,Chennai,2196,1450,Reinforcement Learning Data Mining Social Network Analysis Text Analytics
Nagarajan Natarajan,99,101,https://www.semanticscholar.org/author/Nagarajan-Natarajan/34752314,12,20,562,13,13,https://www.scopus.com/authid/detail.uri?authorId=7004412700,https://scholar.google.com/citations?user=ZBkUp20AAAAJ&hl=en,Microsoft,Bengaluru,1061,990,Machine Learning Statistical Learning Theory
Anand Mishra,98,97,https://www.semanticscholar.org/author/Anand-Mishra/39719398,6,16,417,7,7,https://www.scopus.com/authid/detail.uri?authorId=35475490000,https://scholar.google.com/citations?user=vhUg2zIAAAAJ&hl=en,IISc Bangalore,Bengaluru,670,586,Computer Vision Machine Learning
A. K. Verma,96,103,https://www.semanticscholar.org/author/Anil-Kumar-Verma/35072918,3,44,24,17,21,https://www.scopus.com/authid/detail.uri?authorId=55574182484,https://scholar.google.com/citations?user=mUCM_A4AAAAJ&hl=en,IIT Dhanbad,Dhanbad,1076,815,Artificial intelligence Rock Mechanics Engineering Geology Numerical Modeling Finite Element
Monojit Choudhury,95,95,https://www.semanticscholar.org/author/Monojit-Choudhury/1810112,13,50,390,16,21,https://www.scopus.com/authid/detail.uri?authorId=55841605200,https://scholar.google.com/citations?user=WR1ImCMAAAAJ&hl=en,Microsoft,Bengaluru,1506,929,Natural Language Processing information retrieval Complex NetworksComplex SystemsArtificial intelligence
Lipika Dey,92,88,https://www.semanticscholar.org/author/Lipika-Dey/1724193,14,82,860,13,18,https://www.scopus.com/authid/detail.uri?authorId=6603939167,https://scholar.google.com/citations?user=4E6f01EAAAAJ&hl=en,TCS,Pune,1727,866,Text Mining Sentiment Analysis Social Media Analytics
Mohit Kumar,90,75,https://www.semanticscholar.org/author/Mohit-Kumar/39510193,2,8,23,7,8,https://www.scopus.com/authid/detail.uri?authorId=57188822332,https://scholar.google.com/citations?hl=en&user=6IFATOsAAAAJ&view_op=list_works&sortby=pubdate,Flipkart.com,Bengaluru,701,416,Applied Machine Learning Active Machine Learning Data Mining Summarization
Santanu Chaudhury,89,89,https://www.semanticscholar.org/author/Santanu-Chaudhury/1713808,19,301,1693,19,27,https://www.scopus.com/authid/detail.uri?authorId=7005182122,https://scholar.google.com/citations?user=V6NJi4kAAAAJ&hl=en,IIT Delhi,New Delhi,3701,1563,Computer Vision Computational Intelligence Multimedia SystemsRobotics
Suyash P. Awate,88,91,https://www.semanticscholar.org/author/Suyash-P.-Awate/2792559,15,81,1031,15,19,https://www.scopus.com/authid/detail.uri?authorId=8836988800,https://scholar.google.com/citations?user=xVs3dPgAAAAJ&hl=en,IIT Bombay,Mumbai,1595,722,Image Analysis Medical Image Computing Machine Learning Computer Vision
Utpal Garain,87,86,https://www.semanticscholar.org/author/Utpal-Garain/1804457,17,102,799,16,22,https://www.scopus.com/authid/detail.uri?authorId=6602234041,https://scholar.google.com/citations?user=4Jlqf30AAAAJ&hl=en,Indian Statistical Institute,Kolkata,1567,833,Deep Learning AI Systems Language/Image/Video Processing Sensor Data Analysis
Samarth Bharadwaj,85,81,https://www.semanticscholar.org/author/Samarth-Bharadwaj/34173298,11,22,573,13,14,https://www.scopus.com/authid/detail.uri?authorId=36348340300,https://scholar.google.com/citations?user=zEnqhxkAAAAJ&hl=en,IBM,Bengaluru,986,843,Biometrics Computer Vision Machine Learning
Dipankar Das,85,79,https://www.semanticscholar.org/author/Dipankar-Das/38858451,11,118,599,13,16,https://www.scopus.com/authid/detail.uri?authorId=56965150200,https://scholar.google.com/citations?user=xiUCjgoAAAAJ&hl=en,Jadavpur University,Kolkata,1090,808,Natural Language Processing EmotionSentiment Analysis
Mitesh Khapra,85,106,https://www.semanticscholar.org/author/Mitesh-M.-Khapra/2361078,8,31,292,13,17,https://www.scopus.com/authid/detail.uri?authorId=36028388700,https://scholar.google.com/citations?user=DV8z8DYAAAAJ&hl=en,IIT Madras,Chennai,937,723,Natural Language Processing Machine Learning
Puneet Agarwal,85,85,https://www.semanticscholar.org/author/Puneet-Agarwal/4431988,6,33,224,10,10,https://www.scopus.com/authid/detail.uri?authorId=57197344914,https://scholar.google.com/citations?user=5vp_6WQAAAAJ&hl=en,TCS,New Delhi,604,529,Deep Learning Artificial intelligence Natural Language Processing Knowledge GraphsTime-Series
Krishna Kummamuru,84,84,https://www.semanticscholar.org/author/Krishna-Kummamuru/1727901,9,24,444,11,18,https://www.scopus.com/authid/detail.uri?authorId=6507550726,https://scholar.google.co.in/citations?user=jDHed8AAAAAJ&hl=en,Accenture,Bengaluru,2484,898,Data & Text Mining Machine Learning Services
L Venkata Subramaniam,83,86,https://www.semanticscholar.org/author/L.-Venkata-Subramaniam/1695323,15,89,683,15,23,https://www.scopus.com/authid/detail.uri?authorId=26639857800,https://scholar.google.co.in/citations?user=oV1WKFMAAAAJ,IBM India,New Delhi,1918,1015,AI Reasoning Big Data Noisy Text
Subrat Panda,83,94,https://www.semanticscholar.org/author/Subrat-Kumar-Panda/24967401,1,2,9,2,3,https://www.scopus.com/authid/detail.uri?authorId=57197033181,https://scholar.google.com/citations?user=uMJ4eR8AAAAJ&hl=en,Capillary Technologies,Bengaluru,57,24,AI Architecture GPU CPU
Anupam Basu,82,82,https://www.semanticscholar.org/author/Anupam-Basu/1713201,12,149,683,16,23,https://www.scopus.com/authid/detail.uri?authorId=7402166595,https://scholar.google.com/citations?hl=en&user=AMidPUMAAAAJ&view_op=list_works&sortby=pubdate,IIT Kharagpur,Kharagpur,5247,2777,Natural Language Technology Assistive Technology Cognitive Systems
Asif Ekbal,80,79,https://www.semanticscholar.org/author/Asif-Ekbal/1734904,14,144,749,20,26,https://www.scopus.com/authid/detail.uri?authorId=23093674100,https://scholar.google.com/citations?user=IAL_F04AAAAJ&hl=en,IIT Patna,Patna,2305,1467,Artificial Intelligence Natural Language Processing Machine Learning
Purushottam Kar,79,75,https://www.semanticscholar.org/author/Purushottam-Kar/39746893,10,22,349,14,15,https://www.scopus.com/authid/detail.uri?authorId=34976937400,https://scholar.google.com/citations?user=MNXz0AoAAAAJ&hl=en,IIT Kanpur,Kanpur,925,876,Learning Theory Non-convex Optimization Online Learning Machine Learning
Prachi Jain,78,78,https://www.semanticscholar.org/author/Prachi-Jain/47452733,,,,2,2,0,https://scholar.google.com/citations?user=C_2h8iMAAAAJ&hl=en,IIT Delhi,New Delhi,26,24,Natural Language Processing Deep Learning
Shivaram Kalyanakrishnan,72,66,https://www.semanticscholar.org/author/Shivaram-Kalyanakrishnan/3027736,11,25,308,14,15,https://www.scopus.com/authid/detail.uri?authorId=23397519900,https://scholar.google.com/citations?user=YZkeEqAAAAAJ&hl=en,IIT Bombay,Mumbai,912,644,Artificial Intelligence Machine Learning
Himanshu Sharad Bhatt,70,67,https://www.semanticscholar.org/author/Himanshu-S.-Bhatt/2559473,11,25,466,14,14,https://www.scopus.com/authid/detail.uri?authorId=36348119700,https://scholar.google.co.in/citations?user=dZQOltMAAAAJ&hl=en,American Express,Bengaluru,997,820,Machine Learning Pattern Recognition Natural Language Processing Biometrics Computer Vision
Krishnan Kutty,3,3,https://www.semanticscholar.org/author/K.-Krishnan-Kutty/50714028,6,22,63,7,7,https://www.scopus.com/authid/detail.uri?authorId=35762754100,https://scholar.google.com/citations?user=B7U_AEwAAAAJ&hl=en,TCS,Pune,160,135,Image Processing Computer Vision Machine Learning
Laxmidhar Behera,65,65,https://www.semanticscholar.org/author/Laxmidhar-Behera/1726381,20,216,1478,19,28,https://www.scopus.com/authid/detail.uri?authorId=6701522952,https://scholar.google.com/citations?user=QWTcyP8AAAAJ&hl=en,IIT Kanpur,Kanpur,2520,1431,Intelligent Systems and Control Robotics Soft Computing
Narayanan Chatapuram Krishnan,65,59,https://www.semanticscholar.org/author/Narayanan-Chatapuram-Krishnan/2503137,11,30,914,15,16,https://www.scopus.com/authid/detail.uri?authorId=17345971000,https://scholar.google.co.in/citations?user=rqkXaRAAAAAJ&hl=en,IIT Ropar,Rupnagar,1779,1572,Transfer Learning Machine Learning Pervasive Computing Ubiquitous Computing
Zainul Charbiwala,64,64,https://www.semanticscholar.org/author/Zainul-Charbiwala/3347485,12,37,582,15,17,https://www.scopus.com/authid/detail.uri?authorId=24469614600,https://scholar.google.co.in/citations?hl=en&user=10RVXDQAAAAJ&view_op=list_works&sortby=pubdate,Tricog Health,Bengaluru,1180,636,Embedded Systems Energy Efficiency Low Power Smart Healthcare Smart Grids
Ganesh Ramakrishnan,64,97,https://www.semanticscholar.org/author/Ganesh-Ramakrishnan/1697088,10,66,495,10,16,https://www.scopus.com/authid/detail.uri?authorId=12140784800,https://scholar.google.com/citations?user=W1ZpREMAAAAJ&hl=en,IIT Bombay,Mumbai,1263,660,Machine Learning Relational Learning Information Extraction Question Answering Text Analytics
Sparsh Mittal,61,58,https://www.semanticscholar.org/author/Sparsh-Mittal/38918006,16,59,976,21,23,https://www.scopus.com/authid/detail.uri?authorId=36158412700,https://scholar.google.com/citations?user=Hz44YrEAAAAJ&hl=en,IIT Hyderabad,Hyderabad,2122,1930,Deep Learning Machine Learning Computer architecture Autonomous Driving Non-volatile Memory
Giriprasad Sridhara,61,76,https://www.semanticscholar.org/author/Giriprasad-Sridhara/3023667,7,16,487,N/A,N/A,https://www.scopus.com/authid/detail.uri?authorId=25229447400,https://scholar.google.co.in/citations?user=Rq5lkpIAAAAJ&hl=en,IBM India,Bengaluru,N/A,N/A,Computer Vision Video Surveillance Advanced Driver Assistance System
Soma Biswas,59,59,https://www.semanticscholar.org/author/Soma-Biswas/2642508,16,59,904,16,19,https://www.scopus.com/authid/detail.uri?authorId=22233340600,https://scholar.google.com/citations?user=xtgxW9gAAAAJ&hl=en,IISc,Bengaluru,1313,916,Computer Vision Pattern Recognition Image Processing
"Namboodiri, Anoop M.",58,56,https://www.semanticscholar.org/author/Anoop-M.-Namboodiri/3185334,11,76,560,14,18,https://www.scopus.com/authid/detail.uri?authorId=6601976755,https://scholar.google.com/citations?user=mpI3sbYAAAAJ&hl=en,IIIT Hyderabad,Hyderabad,1352,675,Computer Vision Pattern Recognition Machine Learning Biometrics
Pankaj Malhotra,58,55,https://www.semanticscholar.org/author/Pankaj-Malhotra/2082153,3,7,113,8,8,https://www.scopus.com/authid/detail.uri?authorId=55892692400,https://scholar.google.com/citations?user=HP4M0MkAAAAJ&hl=en,TCS,Gautam Buddha Nagar,408,406,Machine Learning Deep Learning Time Series Anomaly Detection
Lovekesh Vig,55,51,https://www.semanticscholar.org/author/Lovekesh-Vig/3213990,9,42,489,13,13,https://www.scopus.com/authid/detail.uri?authorId=14120320900,https://scholar.google.com/citations?user=M5MIeROF8JYC&hl=en,TCS,New Delhi,1019,699,Multiple Robot SystemsCognitive Modeling Machine Learning
Kalika Bali,53,53,https://www.semanticscholar.org/author/Kalika-Bali/3086996,9,27,242,,,https://www.scopus.com/authid/detail.uri?authorId=16052071200,,Microsoft,Bengaluru,,,
Ashish Sharma,51,57,https://www.semanticscholar.org/author/Ashish-Sharma/40091064,8,63,395,2,2,https://www.scopus.com/authid/detail.uri?authorId=57199494606,https://scholar.google.com/citations?user=AHUNnG0AAAAJ&hl=en,"IIT Kharagpur, Microsoft",Bengaluru,13,13,Natural Language Processing Computational Social ScienceBehavior Modellinginformation retrieval
Gargi Banerjee Dasgupta,51,50,https://www.semanticscholar.org/author/Gargi-Dasgupta/1805410,7,46,172,13,17,https://www.scopus.com/authid/detail.uri?authorId=35519470900,https://scholar.google.com/citations?user=6sAEBOsAAAAJ&hl=en,IBM India,Bengaluru,1245,726,"Operational Analytics, Data Mining, Machine Learning, Distributed Systems"
Kishore Reddy Konda,51,58,https://www.semanticscholar.org/author/Kishore-Reddy-Konda/35254095,6,8,307,11,11,https://www.scopus.com/authid/detail.uri?authorId=56736090700,https://scholar.google.com/citations?user=uea6nDkAAAAJ&hl=en,INSOFE,Hyderabad,733,723,Relational feature learning Deep Learning for vision and Natural Language Processing
Jaydip Sen,50,50,https://www.semanticscholar.org/author/Jaydip-Sen/1794227,13,56,1146,18,22,https://www.scopus.com/authid/detail.uri?authorId=35732277300,https://scholar.google.com/citations?user=yMfQ9NoAAAAJ&hl=en,"Praxis Business School, Kolkata",Kolkata,3076,2390,"Network Security, Data Privacy Internet of Things Machine Learning Deep Learning"
Shrisha Rao,50,48,https://www.semanticscholar.org/author/Shrisha-Rao/1833299,11,90,521,15,17,https://www.scopus.com/authid/detail.uri?authorId=23095236900,https://scholar.google.com/citations?user=SxYeZQcAAAAJ&hl=en,IIIT Bangalore,Bengaluru,928,720,Artificial intelligence Cloud ComputingDistributed SystemsEnergy
Pooja Agarwal,50,52,https://www.semanticscholar.org/author/Pooja-Agarwal/5353194,1,2,1,4,6,https://www.scopus.com/authid/detail.uri?authorId=57197345006,https://scholar.google.com/citations?hl=en&user=TE8UmNEAAAAJ&view_op=list_works&sortby=pubdate,PES,Bengaluru,111,61,Machine Learning Data Mining Artificial intelligence
Vineeth N Balasubramanian,49,57,https://www.semanticscholar.org/author/Vineeth-N.-Balasubramanian/1699429,11,65,452,13,16,https://www.scopus.com/authid/detail.uri?authorId=17344969900,https://scholar.google.com/citations?user=7soDcboAAAAJ&hl=en,IIT Hyderabad,Hyderabad,930,577,Deep Learning Machine Learning Computer Vision
Chetan Arora,48,43,https://www.semanticscholar.org/author/Chetan-Arora/1897733,8,31,256,10,12,https://www.scopus.com/authid/detail.uri?authorId=35203020100,https://scholar.google.com/citations?user=Q8cTLNMAAAAJ&hl=en,IIIT Delhi,New Delhi,507,452,Computer Vision Machine Learning
Arnab Sinha,47,45,https://www.semanticscholar.org/author/Arnab-Sinha/39753024,6,10,135,7,8,https://www.scopus.com/authid/detail.uri?authorId=56594178500,https://scholar.google.com/citations?user=0hQGCwEAAAAJ&hl=en,TCS,Kolkata,238,191,Robotic VisionImage Processing Genetic Algorithm
Ullas Nambiar,46,61,https://www.semanticscholar.org/author/Ullas-Nambiar/1984030,11,45,382,12,18,https://www.scopus.com/authid/detail.uri?authorId=6602629302,https://scholar.google.co.in/citations?user=UbJsDGcAAAAJ,Zensar Technologies,Bengaluru,1156,438,AI IOT Robotics
Ashutosh Kumar Singh,46,79,https://www.semanticscholar.org/author/Ashutosh-Kumar-Singh/2177336,9,108,317,11,12,https://www.scopus.com/authid/detail.uri?authorId=56575740400,https://scholar.google.com/citations?hl=en&user=1pBXMOgAAAAJ&view_op=list_works&sortby=pubdate,National Institute of Technology Kurukshetra,Kurukshetra,677,562,Logic DesignArtificial intelligence Big Data and Cloud Computing
Gautam Shroff,45,32,https://www.semanticscholar.org/author/Gautam-Shroff/2393804,7,48,294,15,18,https://www.scopus.com/authid/detail.uri?authorId=6601910743,https://scholar.google.com/citations?user=f70Rc2wAAAAJ&hl=en,TCS,New Delhi,1615,893,Data Analytics BigDataInformation FusionArtificial intelligence Software Engineering
Kaushik Mitra,44,44,https://www.semanticscholar.org/author/Kaushik-Mitra/39487011,10,25,302,11,12,https://www.scopus.com/authid/detail.uri?authorId=26531669600,https://scholar.google.co.in/citations?user=cZBq_9MAAAAJ&hl=en,IIT Madras,Chennai,488,423,Computational Imaging Computer Vision Machine Learning
Sudip Kumar Naskar,42,42,https://www.semanticscholar.org/author/Sudip-Kumar-Naskar/1750647,8,61,244,13,18,https://www.scopus.com/authid/detail.uri?authorId=17435322800,https://scholar.google.com/citations?user=RMJLRiIAAAAJ&hl=en,Jadavpur University,Kolkata,1007,539,Machine Translation Natural Language Processing Computational Linguistics
Shourya Roy,41,41,https://www.semanticscholar.org/author/Shourya-Roy/2482992,11,55,535,13,19,https://www.scopus.com/authid/detail.uri?authorId=8454170300,https://scholar.google.co.in/citations?user=NQA1ZyMAAAAJ&hl=en,American Express,Bengaluru,1482,760,Text Mining Human Computation Data Mining Analytics Applied Machine Learning
Arun Iyer,41,48,https://www.semanticscholar.org/author/Arun-K-Iyer/2437496,4,5,49,8,9,https://www.scopus.com/authid/detail.uri?authorId=57201786521,https://scholar.google.com/citations?user=Ngm0j_EAAAAJ&hl=en,"IIT Bombay, Microsoft Research",Bengaluru,193,140,Machine Learning Information Extraction Web mining
Dipti Prasad Mukherjee,41,41,https://www.semanticscholar.org/author/Dipti-Prasad-Mukherjee/1966156,14,89,870,14,22,https://www.scopus.com/authid/detail.uri?authorId=15074063400,https://scholar.google.com/citations?user=lJbcSBUAAAAJ&hl=en,Indian Statistical Institute,Kolkata,1945,600,Image Processing Computer Vision Multimedia
Ganapathy Sriram,40,40,https://www.semanticscholar.org/author/Sriram-Ganapathy/1726355,14,76,645,13,17,https://www.scopus.com/authid/detail.uri?authorId=23392746400,https://scholar.google.com/citations?user=cgpzrtcAAAAJ&hl=en,IISc Bangalore,Bengaluru,992,649,Signal processing Speech Processing Machine Learning Deep Learning Auditory Neuroscience
Ajit Rajwade,39,39,https://www.semanticscholar.org/author/Ajit-Rajwade/1955264,8,33,378,7,10,https://www.scopus.com/authid/detail.uri?authorId=56032321600,https://scholar.google.co.in/citations?user=CkTW7PwAAAAJ&hl=en,IIT Bombay,Mumbai,576,452,Image Processing Computer Vision Compressed Sensing Tomographic Reconstruction Inverse Problems
Varun Aggarwal,38,44,https://www.semanticscholar.org/author/Varun-Aggarwal/38781578,3,10,37,11,17,https://www.scopus.com/authid/detail.uri?authorId=56898599100,https://scholar.google.com/citations?user=T9P8hx4AAAAJ&hl=en,Aspiring Minds,New Delhi,834,411,Machine Learning Education Assessments Labor Economics
Swagat Kumar,37,14,https://www.semanticscholar.org/author/Swagat-Kumar/40578964,8,41,250,9,10,https://www.scopus.com/authid/detail.uri?authorId=7405771174,https://scholar.google.com/citations?user=gXORbx0AAAAJ&hl=en,TCS,Bengaluru,478,306,Robotics Computer Vision Machine Learning
Swati Agarwal,36,35,https://www.semanticscholar.org/author/Swati-Agarwal/40297460,4,17,61,9,9,https://www.scopus.com/authid/detail.uri?authorId=55782498000,https://scholar.google.co.in/citations?user=-zk-xD0AAAAJ&hl=en,BITS Pilani,Goa,241,240,Social ComputingSocial InformaticsSecurity InformaticsNatural Language Processing Text Analytics
Amrita Saha,36,34,https://www.semanticscholar.org/author/Amrita-Saha/2909575,2,6,111,8,8,https://www.scopus.com/authid/detail.uri?authorId=56735433900,https://scholar.google.co.in/citations?user=3Zb5Y2YAAAAJ&hl=en,IBM,Bengaluru,342,286,Machine Learning Deep Learning
Sandipan Dandapat,35,35,https://www.semanticscholar.org/author/Sandipan-Dandapat/34725175,5,14,50,9,13,https://www.scopus.com/authid/detail.uri?authorId=55247116500,https://scholar.google.com/citations?user=DWD_FiQAAAAJ&hl=en,Google,Bengaluru,486,244,Machine Translation Natural Language Processing
K Madhava Krishna,35,36,https://www.semanticscholar.org/author/K.-Madhava-Krishna/2326733,4,15,50,14,19,https://www.scopus.com/authid/detail.uri?authorId=55665996500,https://scholar.google.com/citations?user=QDuPGHwAAAAJ&hl=en,IIIT Hyderabad,Hyderabad,1387,828,Robotics Computer Vision
Senthil Mani,34,30,https://www.semanticscholar.org/author/Senthil-Mani/40147882,9,37,261,10,14,https://www.scopus.com/authid/detail.uri?authorId=23389970000,https://scholar.google.com/citations?hl=en&user=k_hrDlYAAAAJ,IBM India,Bengaluru,625,397,Software Engineering - Knowledge Management - information retrieval - Mining Software Repositories
Om Damani,33,38,https://www.semanticscholar.org/author/Om-P.-Damani/2892957,10,20,55,10,15,https://www.scopus.com/authid/detail.uri?authorId=6602611396,https://scholar.google.com/citations?user=lcRCUawAAAAJ&hl=en,IIT Bombay,Mumbai,1170,303,Natural Language Processing Program Derivation
Sukhendu Das,31,31,https://www.semanticscholar.org/author/Sukhendu-Das/1680398,12,96,535,10,15,https://www.scopus.com/authid/detail.uri?authorId=55476994500,https://scholar.google.com/citations?user=nqDmEHUAAAAJ&hl=en,IIT Madras,Chennai,984,570,Computer Vision Pattern Recognition Computer Graphics
Sharat Chandran,31,30,https://www.semanticscholar.org/author/Sharat-Chandran/1734787,9,60,256,9,16,https://www.scopus.com/authid/detail.uri?authorId=56209571300,https://scholar.google.com/citations?user=pRDtIYcAAAAJ&hl=en,IIT Bombay,Mumbai,837,303,Parallel Computation Graphics Vision Image Processing
Randhir Singh,31,29,https://www.semanticscholar.org/author/Randhir-Singh/5530967,6,21,111,9,9,https://www.scopus.com/authid/detail.uri?authorId=57198437322,https://scholar.google.com/citations?user=aP15XjgAAAAJ&hl=en,Birla Institute of Technology Mesra,Ranchi,193,191,Numerical Analysis Singular Boundary Value Problems Wavelet Methods
Chandra Sekhar Seelamantula,29,30,https://www.semanticscholar.org/author/Chandra-Sekhar-Seelamantula/1773340,13,127,700,15,18,https://www.scopus.com/authid/detail.uri?authorId=24779785600,https://scholar.google.com/citations?user=1g1i1B4AAAAJ&hl=en,IISc Bangalore,Bengaluru,1264,870,Sparse Signal/Image Processing /ImagingSampling TheoriesWavelets and SplinesSpeech/Audio ProcessingMachine Learning
Vijay Gabale,28,30,https://www.semanticscholar.org/author/Chandra-Sekhar-Seelamantula/1773340,5,26,159,7,8,https://www.scopus.com/authid/detail.uri?authorId=36617192100,https://scholar.google.com/citations?user=bqkiZbYAAAAJ&hl=en,Huew (Infilect),Bengaluru,289,178,Deep Learning Machine Learning Algorithms Wireless Networking Computer Networking
Durga Prasad Muni,27,27,https://www.semanticscholar.org/author/Durga-Prasad-Muni/2522866,4,10,335,4,6,https://www.scopus.com/authid/detail.uri?authorId=6508113341,https://scholar.google.com/citations?user=fdExVFQAAAAJ&hl=en,Infosys,Bengaluru,539,211,Machine Learning Deep Learning Pattern Recognition Evolutionary Algorithms
Anand Chandrasekaran,27,24,https://www.semanticscholar.org/author/Anand-Chandrasekaran/39902925,3,3,180,,,https://www.scopus.com/authid/detail.uri?authorId=8512108300,0,Mad Street Den,Chennai,,0,"Machine Learning, Software Development, Pattern Recognition"
Subir Kumar Saha,26,34,https://www.semanticscholar.org/author/Subir-Kumar-Saha/2614693,19,135,1040,20,30,https://www.scopus.com/authid/detail.uri?authorId=7403281143,https://scholar.google.com/citations?user=9Td4hFMAAAAJ&hl=en,IIT Delhi,New Delhi,3998,2297,Dynamics Robotics Multibody Dynamics Design
Amitabha Mukerjee,26,26,https://www.semanticscholar.org/author/Amitabha-Mukerjee/1803835,9,84,293,10,17,https://www.scopus.com/authid/detail.uri?authorId=7005533941,https://scholar.google.com/citations?user=6lD1AscAAAAJ&hl=en,IIT Kanpur,Kanpur,1349,297,Machine Learning Computer Vision Artificial intelligence cognitive science Robotics
Shashank Gupta,20,20,https://www.semanticscholar.org/author/Shashank-Gupta/40014740,8,32,193,4,4,https://www.scopus.com/authid/detail.uri?authorId=56925715300,https://scholar.google.com/citations?user=UvTcU-IAAAAJ&hl=en,BITS Pilani,Bengaluru,111,111,Machine Learning Natural Language Processing Deep Learning
Girish Keshav Palshikar,26,21,https://www.semanticscholar.org/author/Girish-Keshav-Palshikar/1747097,7,47,240,9,13,https://www.scopus.com/authid/detail.uri?authorId=55890466600,https://scholar.google.co.in/citations?user=vXtdUZEAAAAJ&hl=en,TRDDC,Pune,888,540,Data Mining Machine Learning Text Mining Pattern Recognition Artificial intelligence
V Srinivasa Chakravarthy,24,25,https://www.semanticscholar.org/author/V.-Srinivasa-Chakravarthy/1819864,17,86,834,18,23,https://www.scopus.com/authid/detail.uri?authorId=8408254600,https://scholar.google.com/citations?user=4PqxB3gAAAAJ&hl=en,IIT Madras,Chennai,1872,956,Computational neuroscience computational cardiology Pattern Recognition ...
Chandra Sekhar Chellu,24,35,https://www.semanticscholar.org/author/Chellu-Chandra-Sekhar/1685874,8,43,179,12,17,https://www.scopus.com/authid/detail.uri?authorId=7003349413,https://scholar.google.com/citations?user=rO5ZgW4AAAAJ&hl=en,IIT Madras,Chennai,871,379,Speech Technology Support Vector Machine Kernel Methods Content based information retrieval
Balaji Vasan Srinivasan,24,35,https://www.semanticscholar.org/author/Balaji-Vasan-Srinivasan/2881425,6,21,159,6,9,https://www.scopus.com/authid/detail.uri?authorId=57200153609,https://scholar.google.co.in/citations?hl=en&user=2c_x00gAAAAJ&view_op=list_works,Adobe Inc.,Bengaluru,414,254,Natural Language Processing Social Network Analysis Pattern Recognition Machine Learning speaker recognition
Samik Banerjee,24,24,https://www.semanticscholar.org/author/Samik-Banerjee/2643208,,,,2,2,0,https://scholar.google.com/citations?hl=en&user=XbMnDucAAAAJ&view_op=list_works&sortby=pubdate,IIT Madras,Chennai,20,20,Computer Vision Face RecognitonDomain AdaptationTransfer Learning Deep Learning
Pravin Chandra,23,23,https://www.semanticscholar.org/author/Pravin-Veenu-a-Chandra/1788913,8,57,266,11,15,https://www.scopus.com/authid/detail.uri?authorId=7202774432,https://scholar.google.com/citations?user=ORDnr5sAAAAJ&hl=en,Guru Gobind Singh Indraprastha University,New Delhi,825,479,artificial neural networks Soft Computing Biometrics Software Engineering
G. Sivakumar,22,22,https://www.semanticscholar.org/author/G.-Sivakumar/1854611,9,27,259,9,19,https://www.scopus.com/authid/detail.uri?authorId=56992740500,https://scholar.google.com/citations?user=gqHcbCkAAAAJ&hl=en,IIT Bombay,Mumbai,978,261,Logic Networks Artificial intelligence
Gaurav Goswami,22,26,https://www.semanticscholar.org/author/Gaurav-Goswami/1931069,8,22,219,11,11,https://www.scopus.com/authid/detail.uri?authorId=56653684100,https://scholar.google.com/citations?user=T7GEOxIAAAAJ&hl=en,IIIT Delhi,New Delhi,372,371,Machine Learning Deep Learning Computer Vision Image Processing Biometrics
Soma Bandyopadhyay,21,18,https://www.semanticscholar.org/author/Soma-Bandyopadhyay/2371958,11,39,308,12,12,https://www.scopus.com/authid/detail.uri?authorId=7402057861,https://scholar.google.com/citations?user=qC_oqOUAAAAJ&hl=en,TCS,Kolkata,746,688,Ubiquitous computingMachine Learning Deep Learning
Sameep Mehta,21,23,https://www.semanticscholar.org/author/Sameep-Mehta/40436241,10,66,413,15,18,https://www.scopus.com/authid/detail.uri?authorId=8349581600,https://scholar.google.com/citations?user=NXA956gAAAAJ&hl=en,IBM AI,New Delhi,1262,702,
Manoj Agarwal,21,28,https://www.semanticscholar.org/author/Manoj-K.-Agarwal/1693332,2,7,23,3,3,https://www.scopus.com/authid/detail.uri?authorId=57202596138,https://scholar.google.com/citations?user=J8u8UM4AAAAJ&hl=en,"University of Delhi, Hans Raj College",New Delhi,30,29,Machine Learning and MOEA
Arijit Ukil,20,17,https://www.semanticscholar.org/author/Arijit-Ukil/2002913,11,52,411,15,16,https://www.scopus.com/authid/detail.uri?authorId=26532154000,https://scholar.google.com/citations?user=wXFj5skAAAAJ&hl=en,TCS,Kolkata,864,707,Internet of ThingsSignal processing Deep Learning Machine Learning
Balamuralidhar P,19,19,https://www.semanticscholar.org/author/P.-Balamuralidhar/1779695,,,,17,20,,https://scholar.google.com/citations?user=OJOJ81YAAAAJ&hl=en,TCS,Bengaluru,1750,1149,Computer Vision Robotics Cyber Physical SystemsSensor InformaticsInternet of Things
Nagarajan T.,19,18,https://www.semanticscholar.org/author/T.-Nagarajan/2229922,2,5,18,11,16,https://www.scopus.com/authid/detail.uri?authorId=55263630200,https://scholar.google.com/citations?user=MDXGGcMAAAAJ&hl=en,SSN College of Engineering,Chennai,830,424,Speech Processing
Vinay P. Namboodiri,19,19,https://www.semanticscholar.org/author/Vinay-P.-Namboodiri/1744135,7,28,171,9,10,https://www.scopus.com/authid/detail.uri?authorId=8724086000,https://scholar.google.com/citations?user=JyHi9OoAAAAJ&hl=en,IIT Kanpur,Kanpur,411,261,Computer Vision Image Processing Machine Learning
Danish Contractor,18,19,https://www.semanticscholar.org/author/Danish-Contractor/2075459,7,20,216,7,8,https://www.scopus.com/authid/detail.uri?authorId=35118552800,https://scholar.google.com.au/citations?hl=en&user=AULk5toAAAAJ&view_op=list_works&sortby=pubdate,IBM,New Delhi,388,291,Natural Language Processing Machine Learning Question & Answering & Dialog Systems information retrieval Web and Social Medi
Sandya Mannarswamy,18,18,https://www.semanticscholar.org/author/Sandya-Mannarswamy/1746273,4,25,74,9,11,https://www.scopus.com/authid/detail.uri?authorId=16230525500,https://scholar.google.co.in/citations?user=i27nd3oAAAAJ&hl=en,Conduent Labs India,Bengaluru,320,206,Natural Language Processing Machine Learning compilers
TN Singh,17,18,https://www.semanticscholar.org/author/T.-N.-Singh/21418651,31,245,4125,35,40,https://www.scopus.com/authid/detail.uri?authorId=35462660300,https://scholar.google.com/citations?user=YMP_vP8AAAAJ&hl=en,IIT Bombay,Mumbai,7255,5264,Rock Mechanics Artificial intelligence Engineering Geology Mining
Garima Gupta,15,16,https://www.semanticscholar.org/author/Garima-Gupta/50046099,1,3,1,3,3,https://www.scopus.com/authid/detail.uri?authorId=57200805311,https://scholar.google.co.in/citations?user=V89bf1cAAAAJ&hl=en,TCS,Gurgaon,18,18,Machine Learning Biomedical Image Processing
Samik Datta,15,15,https://www.semanticscholar.org/author/Samik-Datta/1945860,,,,4,4,0,https://scholar.google.com/citations?hl=en&user=viwjM6IAAAAJ&view_op=list_works&sortby=pubdate,Flipkart,Bengaluru,161,138,Artificial intelligence
Sundararajan Sellamanickam,14,19,https://www.semanticscholar.org/author/Sundararajan-Sellamanickam/1779926,4,9,126,12,14,https://www.scopus.com/authid/detail.uri?authorId=37104793500,https://scholar.google.com/citations?user=JOk66doAAAAJ&hl=en,Microsoft,Bengaluru,1552,959,Machine Learning Data Mining Information Extraction Numerical Optimization
Rakesh Mullick,13,12,https://www.semanticscholar.org/author/Rakesh-Mullick/2626056,12,38,433,11,21,https://www.scopus.com/authid/detail.uri?authorId=56084723200,https://scholar.google.com/citations?user=DCKTNn4AAAAJ&hl=en,GE Global Research India,Bengaluru,1198,451,"Medical Image AnalysisMulti-modality Image Analytics AI /Machine Learning/Deep Learning, VisualizationRegistration and Image Fusion"
Jaya Sil,13,18,https://www.semanticscholar.org/author/Jaya-Sil/2357539,11,131,458,11,15,https://www.scopus.com/authid/detail.uri?authorId=15066095900,https://scholar.google.com/citations?user=sn7ldrwAAAAJ&hl=en,IIEST Shibpur,Howrah,989,727,Image Processing Machine Learning Bioinformatics
Anush Sankaran,13,13,https://www.semanticscholar.org/author/Anush-Sankaran/2473935,8,15,149,10,11,https://www.scopus.com/authid/detail.uri?authorId=55265491500,https://scholar.google.com/citations?user=NF8is_sAAAAJ&hl=en,IBM AI,Bengaluru,270,257,Deep Learning Human Cognition Biometrics Fingerprints Computer Vision
Preethi Jyothi,13,14,https://www.semanticscholar.org/author/Preethi-Jyothi/2188285,8,27,163,9,10,https://www.scopus.com/authid/detail.uri?authorId=35179857100,https://scholar.google.com/citations?user=QN_uhu8AAAAJ&hl=en,IIT Bombay,Mumbai,334,262,Speech recognition Natural Language Processing Machine Learning
Ranjitha Prasad,13,24,https://www.semanticscholar.org/author/Ranjitha-Prasad/38690555,6,12,133,5,5,https://www.scopus.com/authid/detail.uri?authorId=7402378139,https://scholar.google.com/citations?user=ADJe1AsAAAAJ&hl=en,TCS,New Delhi,183,177,Estimation theoryBayesian Inference
Srinivas Sridharan,13,10,https://www.semanticscholar.org/author/Srinivas-Sridharan/3433231,5,10,56,8,9,https://www.scopus.com/authid/detail.uri?authorId=57196843396,https://scholar.google.com/citations?user=fIggjB4AAAAJ&hl=en,Intel,Bengaluru,278,188,Deep Learning Scaling Machine Learning SL
Uma Sawant,13,16,https://www.semanticscholar.org/author/Uma-Sawant/3214158,3,6,98,5,5,https://www.scopus.com/authid/detail.uri?authorId=26535080400,https://scholar.google.com/citations?hl=en&user=diJeNY4AAAAJ&view_op=list_works&sortby=pubdate,LinkedIn,Bengaluru,270,157,information retrieval
Arun Rajkumar,13,10,https://www.semanticscholar.org/author/Arun-Rajkumar/33173734,3,9,79,8,8,https://www.scopus.com/authid/detail.uri?authorId=56461042000,https://scholar.google.co.in/citations?user=gytfaaoAAAAJ&hl=en,IISc Bangalore; Conduent Labs India,Bengaluru,435,401,Machine Learning Rank AggregationStatistical Learning
Vishal Goyal,13,13,https://www.semanticscholar.org/author/Vishal-Goyal/2707041,5,23,59,10,11,https://www.scopus.com/authid/detail.uri?authorId=24829473000,https://scholar.google.co.in/citations?user=KJbVNt8AAAAJ&hl=en,Punjab University,Patiala,401,272,Cognitive Computing Artificial Intelligence Natural Language Processing Machine Translation Language Technologies
Anupama Kowli,12,11,https://www.semanticscholar.org/author/Anupama-Kowli/1687591,9,19,314,8,10,https://www.scopus.com/authid/detail.uri?authorId=35324619800,https://scholar.google.com/citations?user=0cuvAPkAAAAJ&hl=en,IIT Bombay,Mumbai,539,375,Power Systems Operations and Control Electricity Markets Stochastic Control Reinforcement Learning
Vishnu Vardhan Makkapati,11,10,https://www.semanticscholar.org/author/Vishnu-Vardhan-Makkapati/2621140,5,23,141,6,10,https://www.scopus.com/authid/detail.uri?authorId=56202803300,https://scholar.google.com/citations?hl=en&user=aEhGxFYAAAAJ&view_op=list_works&sortby=pubdate,Myntra,Bengaluru,307,175,Computer Vision Deep Learning Pattern Recognition Image Processing and Computer Graphics
Malay Bhattacharyya,10,14,https://www.semanticscholar.org/author/Malay-Bhattacharyya/4152941,9,51,265,9,11,https://www.scopus.com/authid/detail.uri?authorId=23484208900,https://scholar.google.co.in/citations?user=-emvWI8AAAAJ,Indian Statistical Institute,Kolkata,408,284,CrowdsourcingBig Data AnalysisComputational Biology
Nikhil Ketkar,10,9,https://www.semanticscholar.org/author/Nikhil-S.-Ketkar/3054554,5,13,109,5,8,https://www.scopus.com/authid/detail.uri?authorId=23501973400,https://scholar.google.com/citations?hl=en&user=lLoxr3wAAAAJ&view_op=list_works&sortby=pubdate,Flipkart,Bengaluru,294,143,Machine Learning
Radhika Mamidi,10,9,https://www.semanticscholar.org/author/Radhika-Mamidi/1829635,3,23,29,7,8,https://www.scopus.com/authid/detail.uri?authorId=55970130200,https://scholar.google.com.au/citations?user=DsIpZR0AAAAJ&hl=en,IIIT Hyderabad,Hyderabad,232,195,Machine Translation Dialog SystemsSentiment Analysis Computational Humour
Prabir Kumar Biswas,10,78,https://www.semanticscholar.org/author/Prabir-Kumar-Biswas/1758797,17,109,1420,,,https://www.scopus.com/authid/detail.uri?authorId=7202443668,,IIT Kharagpur,Kharagpur,,,Image Processing Computer Vision Automated Visual Inspection Multimedia Network Pattern Recognition Sensor Network
Suja George,9,11,https://www.semanticscholar.org/author/Suja-George/5230209,8,23,172,9,9,https://www.scopus.com/authid/detail.uri?authorId=56431944100,https://scholar.google.com/citations?user=gHeR6i0AAAAJ&hl=en,MNIT Jaipur,Jaipur,251,241,Process Modeling Simulation and Control Water and Waste water treatment artificial neural networks Microbial Fuel cells
Ehtesham Hassan,9,12,https://www.semanticscholar.org/author/Ehtesham-Hassan/6620636,6,38,119,9,9,https://www.scopus.com/authid/detail.uri?authorId=56948760200,https://scholar.google.com/citations?user=Ex0GS0sAAAAJ&hl=en,TCS,New Delhi,226,185,Pattern Recognition Computer Vision Multimedia AnalysisMachine Learning Data Mining
Vinod Kumar D M,9,8,https://www.semanticscholar.org/author/D.-M.-Vinod-Kumar/27504405,5,19,60,43,60,https://www.scopus.com/authid/detail.uri?authorId=56314844700,https://scholar.google.com/citations?user=39fyBKoAAAAJ&hl=en,NIT Warangal,Warangal,18444,10580,Power System deregulation Soft Computing techniques Artificial intelligence Distribution state estimation
Parag Chaudhuri,9,9,https://www.semanticscholar.org/author/Parag-Chaudhuri/32319566,5,28,123,4,7,https://www.scopus.com/authid/detail.uri?authorId=22978562200,https://scholar.google.com/citations?user=kOkSgaMAAAAJ&hl=en,IIT Bombay,Mumbai,249,105,Animation Computer Graphics Computer Vision Virtual and Augmented Reality
Surjya K Pal,8,7,https://www.semanticscholar.org/author/Surjya-K.-Pal/20455722,23,140,2021,25,27,https://www.scopus.com/authid/detail.uri?authorId=35570021100,https://scholar.google.com/citations?user=rj8w-HgAAAAJ&hl=en,IIT Kharagpur,Kharagpur,2895,2085,manufacturing process welding artificial neural networks bond graphfinite element
Shyam S Pattnaik,8,10,https://www.semanticscholar.org/author/Shyam-S.-Pattnaik/34736471,16,113,789,14,21,https://www.scopus.com/authid/detail.uri?authorId=7006422314,https://scholar.google.com/citations?user=miyyHk0AAAAJ&hl=en,National Institute of Technical Teachers' Training and Research,Chandigarh,1441,795,Soft Computing Artificial Neural Networks ICT
Harshad Khadilkar,8,19,https://www.semanticscholar.org/author/Harshad-Khadilkar/2512658,8,32,247,9,10,https://www.scopus.com/authid/detail.uri?authorId=55311946400,https://scholar.google.com/citations?user=y9efmmsAAAAJ&hl=en,TCS,Mumbai,409,327,Air and rail traffic managementStochastic Control Machine Learning for optimisation
Hanumant H. Redkar,8,11,https://www.semanticscholar.org/author/Hanumant-Harichandra-Redkar/2801989,2,5,19,3,3,https://www.scopus.com/authid/detail.uri?authorId=57160235800,https://scholar.google.com/citations?user=mbXC6fwAAAAJ&hl=en,IIT Bombay,Mumbai,39,39,Natural Language Processing Research.
Kevin Patel,8,9,https://www.semanticscholar.org/author/Kevin-Patel/1780546,0,7,0,2,2,https://www.scopus.com/authid/detail.uri?authorId=56506210500,https://scholar.google.com/citations?user=rtYRbqkAAAAJ&hl=en,IIT Bombay,Mumbai,46,46,Natural Language Processing Deep Learning Machine Learning Artificial intelligence
Jyoti Pawar,8,8,https://www.semanticscholar.org/author/Jyoti-Pawar/2517112,4,36,48,,,https://www.scopus.com/authid/detail.uri?authorId=23668496400,,Goa University,Goa,,,
Sunil Kumar Kopparapu,7,9,https://www.semanticscholar.org/author/Sunil-Kumar-Kopparapu/1809276,8,96,278,11,15,https://www.scopus.com/authid/detail.uri?authorId=6603090503,https://scholar.google.com/citations?user=2OsvtvgAAAAJ&hl=en,TCS,Mumbai,1031,596,Speech Processing Script ProcessingImage ProcesingSignal processing Natural Language Processing
Brojeshwar Bhowmick,7,14,https://www.semanticscholar.org/author/Brojeshwar-Bhowmick/3262263,7,30,143,7,8,https://www.scopus.com/authid/detail.uri?authorId=26422776800,https://scholar.google.com/citations?user=Eqf8NrEAAAAJ&hl=en,TCS,Kolkata,358,271,Computer Vision Computer Graphics Deep Reinforcement Learning
Sunayana Sitaram,7,7,https://www.semanticscholar.org/author/Sunayana-Sitaram/3010457,6,14,51,8,8,https://www.scopus.com/authid/detail.uri?authorId=26428438700,https://scholar.google.com/citations?user=PUxwYrkAAAAJ&hl=en,Microsoft,Bengaluru,143,122,Code-switchingSpeech recognition Speech SynthesisLow-Resource LanguagesSpoken Dialogue Systems
Hiranmay Ghosh,7,6,https://www.semanticscholar.org/author/Hiranmay-Ghosh/2448141,6,41,139,6,10,https://www.scopus.com/authid/detail.uri?authorId=7005441790,https://scholar.google.com/citations?user=XUwiadkAAAAJ&hl=en,TCS,Mysore,319,151,Cognitive visionKnowledge representationReasoning
Korra Sathya Babu,7,7,https://www.semanticscholar.org/author/Korra-Sathya-Babu/2441857,6,26,89,7,8,https://www.scopus.com/authid/detail.uri?authorId=35092723900,https://scholar.google.co.in/citations?user=gjuytMoAAAAJ&hl=en,NIT Rourkela,Rourkela,211,187,Social ComputingNatural Language Processing Data Engineering
Arnav Kumar Jain,7,11,https://www.semanticscholar.org/author/Arnav-Kumar-Jain/7284555,1,3,47,3,3,https://www.scopus.com/authid/detail.uri?authorId=57195940798,https://scholar.google.co.in/citations?user=tu7wKckAAAAJ&hl=en,IIT Kharagpur,Kharagpur,141,141,Deep Learning Machine Learning Computer Vision
Sahil Sharma,7,16,https://www.semanticscholar.org/author/Sahil-Sharma/48703799,,,,5,5,,https://scholar.google.com/citations?user=P6l5tBcAAAAJ&hl=en,Google,Bengaluru,161,93,Reinforcement Learning Deep Reinforcement Learning Deep Learning Artificial intelligence
Anupriya Gogna,6,18,https://www.semanticscholar.org/author/Anupriya-Gogna/2169945,11,19,123,9,9,https://www.scopus.com/authid/detail.uri?authorId=56347517100,https://scholar.google.com/citations?user=VvE0trgAAAAJ&hl=en,GE Global Research,New Delhi,241,239,Deep Learning Medical Image Analytics Compressive Sensing Collaborative Filtering Metaheuristics
Sourangshu Bhattacharya,6,6,https://www.semanticscholar.org/author/Sourangshu-Bhattacharya/1700393,7,23,86,7,9,https://www.scopus.com/authid/detail.uri?authorId=16052149900,https://scholar.google.com/citations?user=IixRsP0AAAAJ&hl=en,IIT Kharagpur,Kharagpur,218,149,Machine Learning Big Data Optimization
Lavanya Sita Tekumalla,6,7,https://www.semanticscholar.org/author/Lavanya-Sita-Tekumalla/2429811,2,5,5,3,4,https://www.scopus.com/authid/detail.uri?authorId=55903378300,https://scholar.google.co.in/citations?user=UnRNkksAAAAJ&hl=en,IISc Bangalore,Bengaluru,78,29,Machine Learning Data Mining
Abhinav Agarwalla,6,6,https://www.semanticscholar.org/author/Abhinav-Agarwalla/34762956,1,4,47,3,3,https://www.scopus.com/authid/detail.uri?authorId=57195936642,https://scholar.google.co.in/citations?user=d0rBsEAAAAAJ&hl=en,Microsoft,Hyderabad,142,142,Computer Vision Deep Learning Reinforcement Learning
Naveen Mellempudi,6,5,https://www.semanticscholar.org/author/Naveen-Mellempudi/8792111,,,,4,4,,https://scholar.google.com/citations?user=YsJnkagAAAAJ&hl=en,Intel,Bengaluru,59,59,Artificial intelligence Machine Learning
Gaurav Harit,6,3,https://www.semanticscholar.org/author/Gaurav-Harit/46845638,9,49,225,,,https://www.scopus.com/authid/detail.uri?authorId=6508137887,,IIT,Jodhpur,,,Video Analysis Document Image Analysis
Rohan Banerjee,17,17,https://www.semanticscholar.org/author/Rohan-Banerjee/3216424,7,29,154,8,9,https://www.scopus.com/authid/detail.uri?authorId=55609319600,https://scholar.google.com/citations?user=Fgto-DQAAAAJ&hl=en,TCS,Kolkata,202,196,SystemsSignal processing Machine Learning
Shilpa Desai,5,6,https://www.semanticscholar.org/author/Shilpa-Desai/2127684,,,,3,3,,https://scholar.google.com/citations?user=uSGSHQ0AAAAJ&hl=en,Fr. Agnel College Pilar,Goa,27,24,Natural Language Processing Machine Learning
Anima Majumder,5,7,https://www.semanticscholar.org/author/Anima-Majumder/37584905,4,14,98,6,6,https://www.scopus.com/authid/detail.uri?authorId=35753605000,https://scholar.google.com/citations?user=yIkPDR0AAAAJ&hl=en,TCS,Bengaluru,196,166,Deep Learning Computer Vision and Machine Learning
Nagendra R Velaga,4,4,https://www.semanticscholar.org/author/Nagendra-R.-Velaga/2663297,11,39,387,13,13,https://www.scopus.com/authid/detail.uri?authorId=26645222600,https://scholar.google.com/citations?user=lGeaDAUAAAAJ&hl=en,IIT Bombay,Mumbai,696,564,
Shivajirao Jadhav,4,3,https://www.semanticscholar.org/author/Shivajirao-Jadhav/35925236,6,7,100,9,9,https://www.scopus.com/authid/detail.uri?authorId=36988053400,https://scholar.google.com/citations?user=gK6Eq_UAAAAJ&hl=en,Dr. Babasaheb Ambedkar Technological University,Raigad,246,164,Soft Computing Machine Learning artificial neural networks
Bidyut Kr. Patra,4,6,https://www.semanticscholar.org/author/Bidyut-Kr.-Patra/8943033,5,21,134,7,7,https://www.scopus.com/authid/detail.uri?authorId=35070270000,https://scholar.google.com/citations?user=xLMLI6YAAAAJ&hl=en,National Institute of Technology Rourkela,Rourkela,206,179,Data Mining Pattern Recognition Recommender System
Sampath Dechu,4,4,https://www.semanticscholar.org/author/Sampath-Dechu/2530782,4,11,44,2,3,https://www.scopus.com/authid/detail.uri?authorId=6508207784,https://scholar.google.co.in/citations?user=VJAo_FYAAAAJ&hl=en,IBM,Bengaluru,65,10,AI Solutions for Enterprise Automation
Ravindra Babu T,4,4,https://www.semanticscholar.org/author/T.-Ravindra-Babu/2961102,3,10,17,4,6,https://www.scopus.com/authid/detail.uri?authorId=56186844400,https://scholar.google.com/citations?hl=en&user=ePIz4nYAAAAJ&view_op=list_works&sortby=pubdate,Flipkart,Bengaluru,165,45,Machine Learning Image Processing Genetic Algorithms Multiagent Systems
Anoop Kolar Rajagopal,4,11,https://www.semanticscholar.org/author/Anoop-Kolar-Rajagopal/2511221,3,7,26,5,5,https://www.scopus.com/authid/detail.uri?authorId=55497245500,https://scholar.google.com.sg/citations?user=wq7Sr0IAAAAJ&hl=en,Myntra,Bengaluru,108,95,Computer Vision Machine Learning applied to VisionMultimedia
D.K. Pratihar,3,,https://www.semanticscholar.org/author/D.K.-Pratihar/9313344,23,158,1746,24,31,https://www.scopus.com/authid/detail.uri?authorId=6602981539,https://scholar.google.com/citations?user=gW4Q_7UAAAAJ&hl=en,IIT Kharagpur,Kharagpur,3061,1806,Robotics Soft Computing Manufacturing Science
Ravindra Nagar,3,4,https://www.semanticscholar.org/author/Ravindra-Nagar/2329942,7,20,171,9,9,https://www.scopus.com/authid/detail.uri?authorId=48761809900,https://scholar.google.com/citations?user=FhllTOgAAAAJ&hl=en,Malaviya National Institute of Technology,Jaipur,300,299,Tall Buildings artificial neural networks Waste Utilisation in Concrete
Swarnava Dey,3,3,https://www.semanticscholar.org/author/Swarnava-Dey/2637819,7,30,127,8,8,https://www.scopus.com/authid/detail.uri?authorId=55600305800,https://scholar.google.com/citations?user=aFplwjEAAAAJ&hl=en,TCS,Kolkata,172,165,Parallel and distributed computingembedded systemsMachine Learning Deep Learning
Indrajit Mandal,3,4,https://www.semanticscholar.org/author/Indrajit-Mandal/2087191,6,11,84,5,6,https://www.scopus.com/authid/detail.uri?authorId=36053132100,https://scholar.google.com/citations?user=bLJKzzYAAAAJ&hl=en,Rajiv Gandhi Institute of Technology,Kolkata,176,154,Machine Learning Medical SciencesDigital FinancePattern Recognition applied statistics
Shreyasi Datta,3,3,https://www.semanticscholar.org/author/Shreyasi-Datta/1893443,5,33,94,6,6,https://www.scopus.com/authid/detail.uri?authorId=56048129900,https://scholar.google.com/citations?user=bsN2s1YAAAAJ&hl=en,TCS,Hooghly,163,163,Signal processing Machine Learning
Nanda Dulal Jana,3,2,https://www.semanticscholar.org/author/Nanda-Dulal-Jana/31541693,4,25,61,6,7,https://www.scopus.com/authid/detail.uri?authorId=54795488300,https://scholar.google.co.in/citations?user=69EVBBsAAAAJ&hl=en,"National Institute of Technology, Durgapur",Durgapur,126,107,MetaheuristicsEvolutionary Machine Learning Soft Computing Bioinformatics Operation Research
Geetika Sharma,3,3,https://www.semanticscholar.org/author/Geetika-Sharma/40595239,3,20,27,15,16,https://www.scopus.com/authid/detail.uri?authorId=7202756944,https://scholar.google.com/citations?user=2dINytwAAAAJ&hl=en,TCS,Delhi,1831,899,Computer Graphics Computer Vision Collaboration
Ashima Singh,3,5,https://www.semanticscholar.org/author/Ashima-Singh/1811885,2,13,9,13,16,https://www.scopus.com/authid/detail.uri?authorId=56500978600,https://scholar.google.com/citations?hl=en&user=9GC_8HcAAAAJ&view_op=list_works&sortby=pubdate,Thapar University,Patiala,1855,1354,DevOPs Deep Learning Empirical Software Engineering Software MetricsCBSE
Manjira Sinha,3,8,https://www.semanticscholar.org/author/Manjira-Sinha/2108000,2,28,15,4,4,https://www.scopus.com/authid/detail.uri?authorId=55638334200,https://scholar.google.co.in/citations?user=TiodKHgAAAAJ&hl=en,IIT Kharagpur,Kharagpur,67,64,Language comprehensionPsycho-linguisticsNatural Language Processing Human Computer Interaction Assistive and Augmentative
Prasad Sudhakar,3,6,https://www.semanticscholar.org/author/Prasad-Sudhakar/36191718,2,2,25,5,6,https://www.scopus.com/authid/detail.uri?authorId=57191708914,https://scholar.google.com/citations?user=HEyAlnwAAAAJ&hl=en,GE Global Research India,Bengaluru,219,129,Signal processing Machine Learning Inverse Problems
Muktabh Mayank Srivastava,3,3,https://www.semanticscholar.org/author/Muktabh-Mayank-Srivastava/27088137,1,4,4,2,2,https://www.scopus.com/authid/detail.uri?authorId=57202378322,https://scholar.google.co.in/citations?user=Xw0GUGIAAAAJ&hl=en,ParallelDots,Gurgaon,26,26,Deep Learning Computer Vision Natural Language Processing Machine Learning
Pulkit Kumar,3,3,https://www.semanticscholar.org/author/Pulkit-Kumar/34783578,,,,3,3,,https://scholar.google.com/citations?user=4rfxBJQAAAAJ&hl=en,ParallelDots,New Delhi,26,26,Deep Learning Computer Vision
Vishnu TV,3,3,https://www.semanticscholar.org/author/TV-Vishnu/3451444,,,,3,3,N/A,https://scholar.google.co.in/citations?user=qE7T_d8AAAAJ&hl=en,TCS,New Delhi,66,65,Machine Learning Deep Learning Time SeriesPrognosticsDiagnostics
Elizabeth Sherly,3,3,https://www.semanticscholar.org/author/Elizabeth-Sherly/2894919,3,32,47,6,6,https://www.scopus.com/authid/detail.uri?authorId=36069768600,https://scholar.google.co.in/citations?user=-fsGpksAAAAJ&hl=en,IIITM-K,Thiruvananthapuram,149,123,Data Mining Image Processing Natural Language Processing Artificial Intelligence
Bhaskar Chaudhury,2,1,https://www.semanticscholar.org/author/Bhaskar-Chaudhury/30578421,12,21,483,11,13,https://www.scopus.com/authid/detail.uri?authorId=11240065600,https://scholar.google.co.in/citations?user=Bp4D0JoAAAAJ&hl=en,DA-IICT,Gandhinagar,719,506,Computational Science High Performance Computing Computational Plasma Physics
Srinivasa Pai,2,2,https://www.semanticscholar.org/author/P.-Srinivasa-Pai/49895307,7,21,171,12,14,https://www.scopus.com/authid/detail.uri?authorId=35105685300,https://scholar.google.com/citations?user=6XfBaHMAAAAJ&hl=en,NMAM Institute of Technology,Nitte,692,473,High speed machining Tool Condition Monitoring Condition monitoring of bearings and gears artificial neural networks signal
Santosh Chapaneri,2,4,https://www.semanticscholar.org/author/Santosh-V.-Chapaneri/29759011,4,18,29,5,5,https://www.scopus.com/authid/detail.uri?authorId=36015012000,https://scholar.google.com/citations?user=PSbBSfoAAAAJ&hl=en,University of Mumbai,Mumbai,100,81,Machine Learning Speech Processing Image & Video ProcessingCryptographyNetwork Security
Ramu Vempada,2,5,https://www.semanticscholar.org/author/Ramu-Reddy-Vempada/3457262,4,7,122,12,12,https://www.scopus.com/authid/detail.uri?authorId=39763194300,https://scholar.google.com/citations?user=0JASLZwAAAAJ&hl=en,TCS,Bengaluru,533,411,Speech Processing Sound LocalizationMachine Learning Pattern Recognition
Anupama Ray,2,1,https://www.semanticscholar.org/author/Anupama-Ray/2971622,3,9,25,3,3,https://www.scopus.com/authid/detail.uri?authorId=55511748995,https://scholar.google.com.au/citations?user=FUjYQ-8AAAAJ&hl=en,IBM,New Delhi,37,36,Machine Learning Natural Language Processing Computer Vision
Bintu G Vasudevan,2,1,https://www.semanticscholar.org/author/Bintu-G.-Vasudevan/2408733,3,8,32,4,5,https://www.scopus.com/authid/detail.uri?authorId=23394463800,https://scholar.google.com/citations?user=yyqXcTwAAAAJ&hl=en,Infosys,Bengaluru,65,28,Machine Learning data ScienceText Analytics Natural Language Processing
Pattisapu Nikhil Priyatam,2,4,https://www.semanticscholar.org/author/Pattisapu-Nikhil-Priyatam/2680860,2,3,8,3,4,https://www.scopus.com/authid/detail.uri?authorId=55510440400,https://scholar.google.com/citations?user=jG50GoEAAAAJ&hl=en,IIIT Hyderabad,Hyderabad,32,28,information retrieval Text Mining Machine Learning
Sreekanth Vempati,2,2,https://www.semanticscholar.org/author/Sreekanth-Vempati/39219747,2,5,60,3,5,https://www.scopus.com/authid/detail.uri?authorId=35304241800,https://scholar.google.com/citations?user=dM2nO6AAAAAJ&hl=en,Myntra,Hyderabad,130,83,Machine Learning Computer Vision
Vikram Garg,2,3,https://www.semanticscholar.org/author/Vikram-Garg/31445213,2,3,7,3,3,https://www.scopus.com/authid/detail.uri?authorId=42661320900,https://scholar.google.com/citations?user=z5aYHxAAAAAJ&hl=en,Myntra,Bengaluru,31,26,Data Mining Machine Learning Big Data
Rajesh Balakrishnan,2,0,https://www.semanticscholar.org/author/Rajesh-Balakrishnan/2666393,2,8,21,4,5,https://www.scopus.com/authid/detail.uri?authorId=23392144700,https://scholar.google.com/citations?user=ldscB5AAAAAJ&hl=en,Infosys,Bengaluru,126,85,Artificial intelligence Natural Language Processing
Ankit Gandhi,2,2,https://www.semanticscholar.org/author/Ankit-Gandhi/2757149,2,5,13,4,4,https://www.scopus.com/authid/detail.uri?authorId=57188767986,https://scholar.google.com/citations?user=IjvU4iIAAAAJ&hl=en,Amazon,Bengaluru,42,42,Machine Learning Computer Vision
Shreetam Behera,2,2,https://www.semanticscholar.org/author/Shreetam-Behera/2330639,1,3,9,3,3,https://www.scopus.com/authid/detail.uri?authorId=56417304100,https://scholar.google.com/citations?user=SVrpNx4AAAAJ&hl=en,IIT Bhubaneswar,Bhubhaneshwar,31,26,Computer Vision Visual SurveillanceMachine Learning On board camera embedded systems
Sohom Ghosh,2,2,https://www.semanticscholar.org/author/Sohom-Ghosh/3443330,1,5,3,1,1,https://www.scopus.com/authid/detail.uri?authorId=57020351900,https://scholar.google.com/citations?user=7Jm4_McAAAAJ&hl=en,BITS Pilani,Noida,3,3,Deep Learning Text Analytics Recommendation System
Narendhar Gugulothu,2,2,https://www.semanticscholar.org/author/Narendhar-Gugulothu/26376612,1,2,1,2,2,https://www.scopus.com/authid/detail.uri?authorId=57192994891,https://scholar.google.co.in/citations?user=WUIyA6wAAAAJ&hl=en,TCS,Noida,22,22,Deep Learning Machine Learning Time SeriesComputer Vision Pattern Recognition
Dhruv Khattar,2,2,https://www.semanticscholar.org/author/Dhruv-Khattar/2319272,1,9,5,3,3,https://www.scopus.com/authid/detail.uri?authorId=57197778724,https://scholar.google.com.sg/citations?user=_aa8RFMAAAAJ&hl=en,IIIT Hyderabad,Hyderabad,21,21,
Sohil Shah,2,5,https://www.semanticscholar.org/author/Sohil-Atul-Shah/49485254,1,2,3,4,4,https://www.scopus.com/authid/detail.uri?authorId=24480145400,https://scholar.google.com/citations?user=OwT_8sQAAAAJ&hl=en,Anna University,Bengaluru,61,58,Numerical OptimizationArtificial intelligence Machine Learning
Yogesh Kulkarni,0,0,https://www.semanticscholar.org/author/Yogesh-H.-Kulkarni/37757545,,,,3,3,0,https://scholar.google.com/citations?user=RuELzwYAAAAJ&hl=en,COEP,Pune,20,20,Computer-aided DesignGeometric ModelingMidsurfaceMachine Learning Text Mining
Krothapalli Sreenivasa Rao,0,0,https://www.semanticscholar.org/author/Sreenivasa-Rao-Krothapalli/52069828,18,147,1256,25,29,https://www.scopus.com/authid/detail.uri?authorId=35093227600,https://scholar.google.com/citations?user=TATEL2EAAAAJ&hl=en,IIT Kharagpur,Kharagpur,3405,2225,Speech Processing Signal processing Multimedia Signal processing Machine Learning and Pattern Recognition
Shirish Subhash Karande,1,1,https://www.semanticscholar.org/author/Shirish-Subhash-Karande/32068330,11,60,381,6,15,https://www.scopus.com/authid/detail.uri?authorId=7003529124,https://scholar.google.com/citations?user=LeHCh80AAAAJ&hl=en,"TRDDC, TCS Research",Pune,705,151,Information TheoryMultimediaNetwork SciencesHuman Computation Machine Learning
Nandyala Hemachandra,1,5,https://www.semanticscholar.org/author/Nandyala-Hemachandra/1783631,9,47,254,7,12,https://www.scopus.com/authid/detail.uri?authorId=6602415719,https://scholar.google.com/citations?user=jaby8lgAAAAJ&hl=en,IIT Bombay,Mumbai,526,253,Markov decision models Queueing theory Game theory Stochastic approximations Machine Learning
A.P. Ruhil,1,0,https://www.semanticscholar.org/author/A.P.-Ruhil/13536415,7,29,198,7,7,https://www.scopus.com/authid/detail.uri?authorId=14008061700,https://scholar.google.com/citations?user=vY0Hz70AAAAJ&hl=en,NDRI,Karnal,388,173,artificial neural networks E_LearningComputer Networks Online examination psychometric analysis
Kunal Banerjee,1,2,https://www.semanticscholar.org/author/Kunal-Banerjee/31265941,6,32,103,8,9,https://www.scopus.com/authid/detail.uri?authorId=55321714500,https://scholar.google.com/citations?user=HuhlMFiXS-wC&hl=en,Intel India,Bengaluru,177,169,Program Analysis Formal Methods Software Verification High-Performance Computing Deep Learning
Vivek Vaidya,0,0,https://www.semanticscholar.org/author/Vivek-Vaidya/39635943,5,19,70,7,9,https://www.scopus.com/authid/detail.uri?authorId=14023521400,https://scholar.google.com/citations?user=Zz9VPK4AAAAJ&hl=en,Symphony AI,Bengaluru,217,185,AI Deep Learning Pattern Recognition Machine Learning
Karamjit Singh,1,1,https://www.semanticscholar.org/author/Karamjit-Singh/34074268,3,17,31,2,2,https://www.scopus.com/authid/detail.uri?authorId=55450577100,https://scholar.google.co.in/citations?user=sG9HhKsAAAAJ&hl=en,Accenture,Gurgaon,31,31,Machine Learning Artificial intelligence Deep Learning Data Analytics Probabilistic Graphical Models
Rama Syamala Sreepada,1,2,https://www.semanticscholar.org/author/Rama-Syamala-Sreepada/9154897,2,6,8,2,2,https://www.scopus.com/authid/detail.uri?authorId=56568087800,https://scholar.google.com.au/citations?user=Exjzy_sAAAAJ&hl=en,National Institute of Technology Rourkela,Rourkela,15,15,Recommender Systems Data Mining Machine Learning
Neha Prabhugaonkar,1,1,https://www.semanticscholar.org/author/Neha-Prabhugaonkar/2747339,1,4,1,2,2,https://www.scopus.com/authid/detail.uri?authorId=56287249900,https://scholar.google.com/citations?user=7j895u0AAAAJ&hl=en,Cuddle Inc.,Mumbai,20,20,Natural Language Processing Machine Learning Artificial LearningSemantic WebSpeech recognition
Apurva Nagvenkar,1,1,https://www.semanticscholar.org/author/Apurva-Nagvenkar/2509205,1,3,1,2,2,https://www.scopus.com/authid/detail.uri?authorId=56286796000,https://scholar.google.com/citations?user=fqNc1xYAAAAJ&hl=en,Goa University,Mumbai,19,19,Natural Language Processing Computational Linguistics Machine Learning
Tejinder Singh Saini,1,1,https://www.semanticscholar.org/author/Tejinder-Singh-Saini/2311738,1,4,2,4,4,https://www.scopus.com/authid/detail.uri?authorId=36997440600,https://scholar.google.co.in/citations?user=4WHXGZwAAAAJ&hl=en,Punjab University,Patiala,56,36,Artificial Intelligence Natural Language Processing Machine Transliteration Translation
Sridhar Pappu,,,,12,15,602,7,12,https://www.scopus.com/authid/detail.uri?authorId=7004304217,https://scholar.google.com/citations?user=bCBPtsYAAAAJ&hl=en,INSOFE,Hyderabad,790,236,High Strain Rate Deformation BehaviorMicrostructural Characterization Simulations Data Science Statistics
Ranjan Dasgupta,0,0,https://www.semanticscholar.org/author/Ranjan-Dasgupta/2805807,6,24,80,7,8,https://www.scopus.com/authid/detail.uri?authorId=7005395347,https://scholar.google.com/citations?user=63ds8_oAAAAJ&hl=en,TCS,South 24 Parganas,152,133,Embedded SystemRTOSRobotics & Machine Learning AI & Ontology
G.M. Nasira,0,,,5,43,117,9,9,https://www.scopus.com/authid/detail.uri?authorId=36632634600,https://scholar.google.com/citations?user=nXh0evYAAAAJ&hl=en,Professor Chikkanna Govt. College,Tiruppur,387,357,artificial neural networks Data Mining Optimization. Soft Computing
Ritesh Ratti,0,3,https://www.semanticscholar.org/author/Ritesh-Ratti/34332204,4,5,50,3,4,https://www.scopus.com/authid/detail.uri?authorId=36171198900,https://scholar.google.com/citations?user=LgOa2lsAAAAJ&hl=en,Pitney Bowes,Guwahati,81,44,Network SecurityData Mining Database SecurityWeb servicesMachine Learning
Pragati Kapoor,0,,,4,13,92,6,6,https://www.scopus.com/authid/detail.uri?authorId=7005498568,https://scholar.google.com/citations?user=umBc02IAAAAJ&hl=en,Lingaya's University,Faridabad,190,150,Image Processing artificial neural networks Image Segmentation
Krishnendu Chaudhury,0,0,https://www.semanticscholar.org/author/Krishnendu-Chaudhury/3265634,4,9,30,5,7,https://www.scopus.com/authid/detail.uri?authorId=6603855801,https://scholar.google.co.in/citations?user=UtrHmKcAAAAJ&hl=en,Drishti Technologies,Bengaluru,227,131,Deep Learning Computer Vision Image Processing
V.P. Subramanyam Rallabandi,0,0,https://www.semanticscholar.org/author/V.P.-Subramanyam-Rallabandi/49720043,3,5,123,8,8,https://www.scopus.com/authid/detail.uri?authorId=23986093700,https://scholar.google.com/citations?user=LF-poJwAAAAJ&hl=en,National Brain Research Centre,Gurgaon,311,198,artificial neural networks Medical Imaging and Image Processing Machine Learning Big Data Analytics Modeling and Simulation
Nazreen P M,0,0,https://www.semanticscholar.org/author/P.-M.-Nazreen/51585512,,,,1,1,,https://scholar.google.co.in/citations?user=RIp232QAAAAJ&hl=en,IISc Bangalore,Bengaluru,4,4,
Rebeck Carvalho,0,1,https://www.semanticscholar.org/author/Rebeck-Carvalho/27444556,3,5,30,4,4,https://www.scopus.com/authid/detail.uri?authorId=50861180100,https://scholar.google.com/citations?user=NqcyrPoAAAAJ&hl=en,IIT Bombay,Mumbai,58,52,Artificial intelligence medical decision support system
Aditya Ramana Rachakonda,0,4,https://www.semanticscholar.org/author/Aditya-Ramana-Rachakonda/2111100,2,4,8,3,4,https://www.scopus.com/authid/detail.uri?authorId=15045672100,https://scholar.google.com/citations?hl=en&user=Wgxv7k8AAAAJ&view_op=list_works&sortby=pubdate,Flipkart,Bengaluru,42,22,Semantics CognitionText Mining Machine Learning
Neelamadhav Gantayat,0,0,https://www.semanticscholar.org/author/Neelamadhav-Gantayat/3350685,2,9,18,4,4,https://www.scopus.com/authid/detail.uri?authorId=51161373600,https://scholar.google.co.in/citations?user=UO_jORIAAAAJ&hl=en,IBM India,Bengaluru,35,32,Natural Language Processing Machine Learning Deep Learning
Sanatan Sukhija,0,0,https://www.semanticscholar.org/author/Sanatan-Sukhija/3431031,2,7,12,2,2,https://www.scopus.com/authid/detail.uri?authorId=56031839000,https://scholar.google.co.in/citations?user=e9SN71UAAAAJ&hl=en,IIT Ropar,Rupnagar,25,25,Machine Learning Transfer Learning
Niyati Chhaya,0,1,https://www.semanticscholar.org/author/Niyati-Chhaya/2954043,2,7,9,3,3,https://www.scopus.com/authid/detail.uri?authorId=42761192000,https://scholar.google.com/citations?user=BWf7328AAAAJ&hl=en,ADOBE,Bengaluru,32,27,Computational Linguistics Natural Language Processing Affect Analysis Machine Learning information retrieval
Bharath Cheluvaraju,0,0,https://www.semanticscholar.org/author/Bharath-Cheluvaraju/2021713,2,3,9,3,3,https://www.scopus.com/authid/detail.uri?authorId=43661113000,https://scholar.google.com/citations?user=J5Sy1yUAAAAJ&hl=en,SigTuple,Bengaluru,34,25,Machine Learning Game TheoryGraph TheoryScalable Algorithms
Nishtha Madaan,0,1,https://www.semanticscholar.org/author/Nishtha-Madaan/2742670,2,8,6,3,3,https://www.scopus.com/authid/detail.uri?authorId=56780038800,https://scholar.google.com/citations?user=yd3R2X4AAAAJ&hl=en,IBM,Delhi,12,12,Natural Language Processing Deep Learning Information Extraction Bias in AI
Sumant Kulkarni,0,3,https://www.semanticscholar.org/author/Sumant-Kulkarni/2727602,1,5,7,3,3,https://www.scopus.com/authid/detail.uri?authorId=55908871500,https://scholar.google.co.in/citations?user=jnBs9yIAAAAJ&hl=en,Zensar Technologies,Bengaluru,26,24,Natural Language Processing Text Mining SemanticsCognitive ComputingComputer Vision
Shubham Atreja,0,1,https://www.semanticscholar.org/author/Shubham-Atreja/47033576,1,5,12,1,1,https://www.scopus.com/authid/detail.uri?authorId=57190983985,https://scholar.google.com/citations?user=qzvVYIcAAAAJ&hl=en,IBM,Bengaluru,18,18,"Machine Learning, Knowledge Discovery, Data Mining"
Subba Reddy Oota,0,1,https://www.semanticscholar.org/author/Subba-Reddy-Oota/8307724,1,6,335,2,2,https://www.scopus.com/authid/detail.uri?authorId=57192392333,https://scholar.google.com.au/citations?user=4Uz0LngAAAAJ&hl=en,IIIT Hyderabad,Hyderabad,9,9,Machine Learning Brain Decoding Natural Language Processing
Vijayasaradhi Indurthi,0,0,https://www.semanticscholar.org/author/Vijayasaradhi-Indurthi/7259599,1,4,1,1,1,https://www.scopus.com/authid/detail.uri?authorId=57192388743,https://scholar.google.com.au/citations?user=dTyC24YAAAAJ&hl=en,IIIT Hyderabad,Hyderabad,4,4,Natural Language Processing Machine Learning information retrieval
Rameshwar Pratap,0,2,https://www.semanticscholar.org/author/Rameshwar-Pratap/2848825,1,7,3,1,2,https://www.scopus.com/authid/detail.uri?authorId=55216677600,https://scholar.google.co.in/citations?user=I6ld6XoAAAAJ&hl=en,Wipro Technologies,Bengaluru,12,11,Algorithms in Data Mining and Machine Learning
Chinnappa Guggilla,0,0,https://www.semanticscholar.org/author/Chinnappa-Guggilla/8455876,1,3,5,5,5,https://www.scopus.com/authid/detail.uri?authorId=57136754400,https://scholar.google.co.in/citations?user=zYHeWYkAAAAJ&hl=en,Accenture,Bengaluru,57,51,AI Natural Language Processing Text Mining IE&IR and Machine Learning
Arpit Merchant,0,1,https://www.semanticscholar.org/author/Arpit-Merchant/32009009,0,2,0,2,2,https://www.scopus.com/authid/detail.uri?authorId=57194775438,https://scholar.google.co.in/citations?user=-aPMoN8AAAAJ&hl=en,IIIT Hyderabad,Mumbai,16,16,Data ScienceMachine Learning
Yogesh Parte,0,,,,,,2,3,0,https://scholar.google.com/citations?user=Zx1n2xQAAAAJ&hl=en,IISc,Mumbai,31,6,Model and data couplingApproximations in high dimensionsInverse design
Rohit Keshari,0,0,https://www.semanticscholar.org/author/Rohit-Keshari/3390448,,,,3,3,0,https://scholar.google.com/citations?user=Ib_LM-8AAAAJ&hl=en,IIIT Delhi,New Delhi,19,19,Machine Learning Biometrics Pattern Recognition
Shiju S S,0,,,,,,2,2,0,https://scholar.google.com/citations?user=Q1uJZBkAAAAJ&hl=en,IIST,Thiruvananthapuram,6,6,Machine Learning Kernel MethodsArtificial intelligence
Santanu Modak,0,,,,,,1,1,0,https://scholar.google.com/citations?user=p51bKXMAAAAJ&hl=en,Burdwan University,Hooghly,7,7,Sentiment Analysis Opinion Mininginformation retrieval Text ClassificationNatural Language Processing
Sumit Borar,0,0,https://www.semanticscholar.org/author/Sumit-Borar/41097640,,,,2,2,,https://scholar.google.com.sg/citations?hl=en&user=05w9yF4AAAAJ&view_op=list_works&sortby=pubdate,Myntra,Bengaluru,112,25,Machine Learning VisionSearch