web-scraper-order,web-scraper-start-url,handle,name,content,replies,retweets,favorites,unix_timestamp,published_date,url
"1557098429-19","https://twitter.com/search?l=&q=from%3Atechmeme%20since%3A2019-05-01%20until%3A2019-05-05&src=typd&lang=en","@Techmeme","Techmeme","As Saudi Arabia keeps spending, a history of IP theft, Trump's aggressive stance, and newly empowered CFIUS are decimating China's US tech startup investments (@teddyschleifer / Vox)

http://www.vox.com/recode/2019/5/1/18511540/silicon-valley-foreign-money-china-saudi-arabia-cfius-firrma-geopolitics-venture-capital …http://www.techmeme.com/190501/p24#a190501p24 …","","3","1","1556729176000","10:16 PM - 1 May 2019","/Techmeme/status/1123629720904581120"
"1557098429-114","https://twitter.com/search?l=&q=from%3Atechmeme%20since%3A2019-05-01%20until%3A2019-05-05&src=typd&lang=en","@Techmeme","Techmeme","Dell updates its Latitude commercial laptops with Express Sign-in, which uses proximity sensors to sign in users instantly, and ExpressCharge for batteries (@deantak / VentureBeat)

http://venturebeat.com/2019/04/30/dell-launches-commercial-laptops-with-fast-sign-in-and-connection-features/ …http://www.techmeme.com/190430/p68#a190430p68 …","1","","2","1556680264000","8:41 AM - 1 May 2019","/Techmeme/status/1123424570822791170"
"1557098429-63","https://twitter.com/search?l=&q=from%3Atechmeme%20since%3A2019-05-01%20until%3A2019-05-05&src=typd&lang=en","@Techmeme","Techmeme","Qualcomm reports Q2 revenue of $4.98B, down 4.6% YoY, profit of $663M, up from $330M YoY, but lackluster Q3 guidance due to weak demand for smartphones in China (@ianmking / Bloomberg)

http://www.bloomberg.com/news/articles/2019-05-01/qualcomm-forecast-shows-benefit-of-legal-settlement-with-apple …http://www.techmeme.com/190501/p37#a190501p37 …","","2","1","1556745376000","2:46 AM - 2 May 2019","/Techmeme/status/1123697671120801794"
"1557098429-74","https://twitter.com/search?l=&q=from%3Atechmeme%20since%3A2019-05-01%20until%3A2019-05-05&src=typd&lang=en","@Techmeme","Techmeme","Who are the most influential writers on topics like AI, VR, IoT, enterprise, security, or e-commerce?  We've analyzed Techmeme's news crawl data to find out! https://techmeme.com/lb","1","3","9","1556851989000","8:23 AM - 3 May 2019","/Techmeme/status/1124144838390243328"
"1557098429-32","https://twitter.com/search?l=&q=from%3Atechmeme%20since%3A2019-05-01%20until%3A2019-05-05&src=typd&lang=en","@Techmeme","Techmeme","Spotify spotted testing ""Your Daily Drive,"" a personalized playlist featuring short podcast episodes mixed in with curated music, to positive initial reactions (@sarahintampa / TechCrunch)

http://techcrunch.com/2019/05/02/spotify-spotted-testing-your-daily-drive-a-personalized-playlist-that-includes-podcasts/ …http://www.techmeme.com/190502/p28#a190502p28 …","1","8","26","1556847374000","7:06 AM - 3 May 2019","/Techmeme/status/1124125481060786176"
"1557098429-29","https://twitter.com/search?l=&q=from%3Atechmeme%20since%3A2019-05-01%20until%3A2019-05-05&src=typd&lang=en","@Techmeme","Techmeme","Dark web marketplace Wall Street Market, whose admins exit-scammed users of $14.2M+ in cryptocurrency, seized by German police and other international agencies (@campuscodi / ZDNet)

http://www.zdnet.com/article/law-enforcement-seizes-dark-web-market-after-moderator-leaks-backend-credentials/ …http://www.techmeme.com/190502/p26#a190502p26 …","","6","6","1556840783000","5:16 AM - 3 May 2019","/Techmeme/status/1124097835702661120"
"1557098429-21","https://twitter.com/search?l=&q=from%3Atechmeme%20since%3A2019-05-01%20until%3A2019-05-05&src=typd&lang=en","@Techmeme","Techmeme","Sources: FTC commissioners remain divided along the party lines on whether to hold Mark Zuckerberg personally liable for Facebook's future privacy violations (@ceciliakang / New York Times)

http://www.nytimes.com/2019/05/04/technology/federal-trade-commission-facebook-mark-zuckerberg.html …http://www.techmeme.com/190504/p5#a190504p5 …","1","8","6","1556995280000","12:11 AM - 5 May 2019","/Techmeme/status/1124745843075166208"
"1557098429-9","https://twitter.com/search?l=&q=from%3Atechmeme%20since%3A2019-05-01%20until%3A2019-05-05&src=typd&lang=en","@Techmeme","Techmeme","Vulnerability in Dell's pre-installed SupportAssist utility exposes Dell computers to remote hijacks if attacker can get on the same network with unpatched PC (@campuscodi / ZDNet)

http://www.zdnet.com/article/dell-laptops-and-computers-vulnerable-to-remote-hijacks/ …http://www.techmeme.com/190503/p14#a190503p14 …","","10","6","1556915188000","1:56 AM - 4 May 2019","/Techmeme/status/1124409913822842880"
"1557098429-85","https://twitter.com/search?l=&q=from%3Atechmeme%20since%3A2019-05-01%20until%3A2019-05-05&src=typd&lang=en","@Techmeme","Techmeme","Facebook says it will allow patients to post sensitive health-related info anonymously by letting Facebook Group admins post questions on a patient's behalf (@chrissyfarr / CNBC)

http://www.cnbc.com/2019/04/30/facebook-adds-health-support-groups-with-anonymous-posting.html …http://www.techmeme.com/190430/p60#a190430p60 …","3","10","14","1556669171000","5:36 AM - 1 May 2019","/Techmeme/status/1123378041550512128"
"1557098429-72","https://twitter.com/search?l=&q=from%3Atechmeme%20since%3A2019-05-01%20until%3A2019-05-05&src=typd&lang=en","@Techmeme","Techmeme","Sources: Andreessen Horowitz has closed on two new funds, a $750M early-stage fund and a $2B later-stage fund, putting its total fundraising haul at nearly $10B (@danprimack / Axios)

http://www.axios.com/scoop-andreessen-horowitz-closes-on-two-new-funds-642e3dff-e988-4e7b-8389-43fd8623fc77.html …http://www.techmeme.com/190501/p16#a190501p16 …","1","2","11","1556718672000","7:21 PM - 1 May 2019","/Techmeme/status/1123585664153526272"
"1557098429-93","https://twitter.com/search?l=&q=from%3Atechmeme%20since%3A2019-05-01%20until%3A2019-05-05&src=typd&lang=en","@Techmeme","Techmeme","Slack and other workplace messaging services undermine their goal of increased productivity by becoming distractions, where users are constantly chatting (@ranimolla / Vox)

http://www.vox.com/recode/2019/5/1/18511575/productivity-slack-google-microsoft-facebook …http://www.techmeme.com/190501/p22#a190501p22 …","5","4","18","1556725273000","9:11 PM - 1 May 2019","/Techmeme/status/1123613350489939968"
"1557098429-31","https://twitter.com/search?l=&q=from%3Atechmeme%20since%3A2019-05-01%20until%3A2019-05-05&src=typd&lang=en","@Techmeme","Techmeme","Xiaomi says it has shipped 27.5M+ smartphones in Q1 2019 (@yanzideng_iris / South China Morning Post)

http://www.scmp.com/tech/gear/article/3008673/xiaomi-says-it-shipped-275-million-smartphones-first-quarter-move-aimed …http://www.techmeme.com/190503/p9#a190503p9 …","","1","1","1556901379000","10:06 PM - 3 May 2019","/Techmeme/status/1124351992548270080"
"1557098429-2","https://twitter.com/search?l=&q=from%3Atechmeme%20since%3A2019-05-01%20until%3A2019-05-05&src=typd&lang=en","@Techmeme","Techmeme","In its Q2 earnings release, Qualcomm says its settlement with Apple will yield $4.5B-$4.7B in revenue for the next quarter (Axios)

http://www.axios.com/qualcomm-records-4b-revenue-from-apple-settlement-08057a66-3951-49dd-909f-dbf5e9724f4d.html …http://www.techmeme.com/190501/p35#a190501p35 …","","5","5","1556742323000","1:55 AM - 2 May 2019","/Techmeme/status/1123684866082656256"
"1557098429-116","https://twitter.com/search?l=&q=from%3Atechmeme%20since%3A2019-05-01%20until%3A2019-05-05&src=typd&lang=en","null","null","null","null","null","null","null","null","null"
"1557098429-42","https://twitter.com/search?l=&q=from%3Atechmeme%20since%3A2019-05-01%20until%3A2019-05-05&src=typd&lang=en","@Techmeme","Techmeme","Facebook is taking the same self-assured approach to safety that it has with products, but it is strange to see the company be so proud of cleaning its own mess (@kantrowitz / BuzzFeed News)

http://www.buzzfeednews.com/article/alexkantrowitz/for-facebook-safety-updates-are-the-new-product-release …http://www.techmeme.com/190503/p20#a190503p20 …","","2","3","1556939500000","8:41 AM - 4 May 2019","/Techmeme/status/1124511885007753216"
"1557098429-43","https://twitter.com/search?l=&q=from%3Atechmeme%20since%3A2019-05-01%20until%3A2019-05-05&src=typd&lang=en","@Techmeme","Techmeme","ACLU says info uncovered through its lawsuit show CBP and ICE have ""near-unfettered"" authority to search and seize travelers' electronic devices at the border (@hhandeyside / ACLU)

http://www.aclu.org/blog/privacy-technology/privacy-borders-and-checkpoints/we-got-us-border-officials-testify-under …http://www.techmeme.com/190501/p8#a190501p8 …","","4","6","1556709972000","4:56 PM - 1 May 2019","/Techmeme/status/1123549174530703362"
"1557098429-13","https://twitter.com/search?l=&q=from%3Atechmeme%20since%3A2019-05-01%20until%3A2019-05-05&src=typd&lang=en","@Techmeme","Techmeme","A profile of Lemonade, a millenial-friendly discount insurance startup, which has raised $480M in five rounds, the last one at a $2B+ valuation, says source (Forbes)

http://www.forbes.com/sites/jeffkauflin/2019/05/02/lemonade-fintech-insurance-unicorn/ …http://www.techmeme.com/190504/p1#a190504p1 …","","6","15","1556950279000","11:41 AM - 4 May 2019","/Techmeme/status/1124557096073220096"
"1557098429-97","https://twitter.com/search?l=&q=from%3Atechmeme%20since%3A2019-05-01%20until%3A2019-05-05&src=typd&lang=en","@Techmeme","Techmeme","Who's hiring in tech?
@automattic @Snap
@asana @billcom
@thekonginc @Stash
…and more! http://techmeme.com/gtj","","","5","1556828353000","1:49 AM - 3 May 2019","/Techmeme/status/1124045701753769984"
"1557098429-52","https://twitter.com/search?l=&q=from%3Atechmeme%20since%3A2019-05-01%20until%3A2019-05-05&src=typd&lang=en","@Techmeme","Techmeme","Sources: Facebook told FTC it's ready for more privacy oversight like quarterly privacy safeguards reports approved by CEO, review of new products before launch (@tonyromm / Washington Post)

http://www.washingtonpost.com/technology/2019/05/03/facebook-has-told-federal-investigators-its-open-heightened-oversight-its-privacy-practices/ …http://www.techmeme.com/190503/p5#a190503p5 …","","2","3","1556891785000","7:26 PM - 3 May 2019","/Techmeme/status/1124311752349560832"
"1557098429-56","https://twitter.com/search?l=&q=from%3Atechmeme%20since%3A2019-05-01%20until%3A2019-05-05&src=typd&lang=en","@Techmeme","Techmeme","In an experiment, the NYT bought and displayed ads targeting 16 profile attributes to reveal what advertisers think they know about users seeing targeted ads (@stuartathompson / New York Times)

http://www.nytimes.com/interactive/2019/04/30/opinion/privacy-targeted-advertising.html …http://www.techmeme.com/190501/p10#a190501p10 …","","4","4","1556712673000","5:41 PM - 1 May 2019","/Techmeme/status/1123560504813858816"
"1557098429-69","https://twitter.com/search?l=&q=from%3Atechmeme%20since%3A2019-05-01%20until%3A2019-05-05&src=typd&lang=en","@Techmeme","Techmeme","Facebook launches two new open source AI tools: BoTorch, based on PyTorch, for Bayesian library optimization and Ax, a platform for managing AI experiments (@fredericl / TechCrunch)

http://techcrunch.com/2019/05/01/facebook-open-sources-ax-and-botorch-to-simplify-ai-model-optimization/ …http://www.techmeme.com/190501/p27#a190501p27 …","","1","3","1556732285000","11:08 PM - 1 May 2019","/Techmeme/status/1123642761700433921"
"1557098429-15","https://twitter.com/search?l=&q=from%3Atechmeme%20since%3A2019-05-01%20until%3A2019-05-05&src=typd&lang=en","@Techmeme","Techmeme","YouGov and Cambridge poll of 25,000+ people in 23 countries finds that UK citizens trust social media platforms less than any other nation surveyed (@alexhern / The Guardian)

http://www.theguardian.com/world/2019/may/03/britons-less-trusting-of-social-media-than-other-major-nations-facebook-twitter …http://www.techmeme.com/190504/p4#a190504p4 …","","8","3","1556990181000","10:46 PM - 4 May 2019","/Techmeme/status/1124724457401200641"
"1557098429-28","https://twitter.com/search?l=&q=from%3Atechmeme%20since%3A2019-05-01%20until%3A2019-05-05&src=typd&lang=en","@Techmeme","Techmeme","Bitfinex is trying to raise $1B via initial exchange offering of LEO tokens to provide liquidity as it seeks access to $850M it says were frozen by governments (@celiawan2 / The Block)

http://www.theblockcrypto.com/2019/05/04/bitfinex-issues-ieo-white-paper-tokens-will-be-bought-back-after-850-million-funds-unfrozen/ …http://www.techmeme.com/190504/p3#a190504p3 …","","","5","1556983280000","8:51 PM - 4 May 2019","/Techmeme/status/1124695513020891140"
"1557098429-76","https://twitter.com/search?l=&q=from%3Atechmeme%20since%3A2019-05-01%20until%3A2019-05-05&src=typd&lang=en","@Techmeme","Techmeme","Pluralsight, an IT training and certification platform, will acquire GitPrime, an analytics and productivity tool for developer teams, for $170M (@grg / TechCrunch)

http://techcrunch.com/2019/05/01/pluralsight-will-acquire-gitprime-for-170m/ …http://www.techmeme.com/190502/p13#a190502p13 …","","1","1","1556814083000","9:51 PM - 2 May 2019","/Techmeme/status/1123985847341191168"
"1557098429-62","https://twitter.com/search?l=&q=from%3Atechmeme%20since%3A2019-05-01%20until%3A2019-05-05&src=typd&lang=en","@Techmeme","Techmeme","The Strong National Museum of Play announces Microsoft's Solitaire, first introduced with Windows 3.0 in 1990, will be inducted into the Video Game Hall of Fame (@deantak / VentureBeat)

http://venturebeat.com/2019/05/02/world-video-game-hall-of-fame-inducts-super-mario-kart-mortal-kombat-solitaire-and-colossal-cave-adventure/ …http://www.techmeme.com/190502/p25#a190502p25 …","","3","4","1556839880000","5:01 AM - 3 May 2019","/Techmeme/status/1124094050527739905"
"1557098429-36","https://twitter.com/search?l=&q=from%3Atechmeme%20since%3A2019-05-01%20until%3A2019-05-05&src=typd&lang=en","@Techmeme","Techmeme","VideoAmp, which focuses on optimizing cross-platform advertising and whose clients include CBS, AMC, and A+E, raises $70M Series C led by Raine Group (@xpangler / Variety)

http://variety.com/2019/digital/news/videoamp-70-million-funding-raine-group-1203199123/ …http://www.techmeme.com/190501/p34#a190501p34 …","","5","1","1556742077000","1:51 AM - 2 May 2019","/Techmeme/status/1123683832836894721"
"1557098429-30","https://twitter.com/search?l=&q=from%3Atechmeme%20since%3A2019-05-01%20until%3A2019-05-05&src=typd&lang=en","@Techmeme","Techmeme","Coinbase says CTO Balaji Srinivasan is leaving; source: Srinivasan was not given enough freedom and had differing visions for the future product roadmap (@fintechfrank / The Block)

http://www.theblockcrypto.com/2019/05/03/coinbase-cto-balaji-srinivasan-is-leaving-the-cryptocurrency-exchange/ …http://www.techmeme.com/190503/p18#a190503p18 …","","5","16","1556929883000","6:01 AM - 4 May 2019","/Techmeme/status/1124471546716860416"
"1557098429-106","https://twitter.com/search?l=&q=from%3Atechmeme%20since%3A2019-05-01%20until%3A2019-05-05&src=typd&lang=en","@Techmeme","Techmeme","IDC: 310.8M smartphones were shipped in Q1, down 6.6% YoY; Samsung was the top vendor with 23.1% marketshare, followed by Huawei with 19% and Apple with 11.7% (@epro / VentureBeat)

http://venturebeat.com/2019/04/30/idc-smartphone-shipments-q1-2019/ …http://www.techmeme.com/190430/p63#a190430p63 …","","4","6","1556671864000","6:21 AM - 1 May 2019","/Techmeme/status/1123389337377419264"
"1557098429-26","https://twitter.com/search?l=&q=from%3Atechmeme%20since%3A2019-05-01%20until%3A2019-05-05&src=typd&lang=en","@Techmeme","Techmeme","CirrusMD, a ""chat-first"" virtual care provider that connects patients with doctors, raises $15M Series B led by Drive Capital (@kyle_l_wiggers / VentureBeat)

http://venturebeat.com/2019/05/02/telemedicine-startup-cirrusmd-raises-15-million-to-connect-patients-with-doctors/ …http://www.techmeme.com/190502/p9#a190502p9 …","","2","2","1556804775000","7:16 PM - 2 May 2019","/Techmeme/status/1123946807850086401"
"1557098429-22","https://twitter.com/search?l=&q=from%3Atechmeme%20since%3A2019-05-01%20until%3A2019-05-05&src=typd&lang=en","@Techmeme","Techmeme","An oral history of Amazon Prime, the internet's most successful membership program with 100M+ members worldwide and one of the main reasons behind Amazon's rise (@delrey / Vox)

http://www.vox.com/recode/2019/5/3/18511544/amazon-prime-oral-history-jeff-bezos-one-day-shipping …http://www.techmeme.com/190503/p7#a190503p7 …","","4","7","1556896280000","8:41 PM - 3 May 2019","/Techmeme/status/1124330605762744320"
"1557098429-103","https://twitter.com/search?l=&q=from%3Atechmeme%20since%3A2019-05-01%20until%3A2019-05-05&src=typd&lang=en","@Techmeme","Techmeme","Hackers are actively exploiting a recently-patched zero-day vulnerability in Oracle WebLogic server to install ransomware, with no end-user interaction required (@dangoodin001 / Ars Technica)

http://arstechnica.com/information-technology/2019/04/zeroday-attackers-deliver-a-double-dose-of-ransomware-no-clicking-required/ …http://www.techmeme.com/190501/p7#a190501p7 …","1","11","5","1556703077000","3:01 PM - 1 May 2019","/Techmeme/status/1123520255530340353"
"1557098429-75","https://twitter.com/search?l=&q=from%3Atechmeme%20since%3A2019-05-01%20until%3A2019-05-05&src=typd&lang=en","@Techmeme","Techmeme","Google will open Android Automotive OS, the dashboard-centric version of its mobile platform, to third-party developers, starting with media apps at I/O (@c_davies / SlashGear)

http://www.slashgear.com/google-android-automotive-os-polestar-2-third-party-apps-developers-io19-01575253/ …http://www.techmeme.com/190501/p28#a190501p28 …","","8","6","1556733073000","11:21 PM - 1 May 2019","/Techmeme/status/1123646068607127552"
"1557098429-111","https://twitter.com/search?l=&q=from%3Atechmeme%20since%3A2019-05-01%20until%3A2019-05-05&src=typd&lang=en","@Techmeme","Techmeme","Google launches CallJoy, a virtual customer service agent aimed at small US businesses, available now on an invite-only basis (@sarahintampa / TechCrunch)

http://techcrunch.com/2019/05/01/google-launches-calljoy-a-virtual-customer-service-phone-agent-for-small-businesses/ …http://www.techmeme.com/190501/p25#a190501p25 …","","5","14","1556729778000","10:26 PM - 1 May 2019","/Techmeme/status/1123632247385595904"
"1557098429-91","https://twitter.com/search?l=&q=from%3Atechmeme%20since%3A2019-05-01%20until%3A2019-05-05&src=typd&lang=en","@Techmeme","Techmeme","LG's mobile division continues its slide into irrelevance with Q1 loss of $181M on sales of just $1.34B, down 30% YoY and its lowest in at least eight years (@jonrussell / TechCrunch)

http://techcrunch.com/2019/05/01/lg-mobile-still-losing-money/ …http://www.techmeme.com/190502/p5#a190502p5 …","","3","2","1556801493000","6:21 PM - 2 May 2019","/Techmeme/status/1123933042916122631"
"1557098429-58","https://twitter.com/search?l=&q=from%3Atechmeme%20since%3A2019-05-01%20until%3A2019-05-05&src=typd&lang=en","@Techmeme","Techmeme","OurPact says Apple's MDM comments are misleading, compares Apple's claims in defense of removing apps that use MDM with quotes from Apple's documentation (OurPact)

http://medium.com/@ourpactapp/there-used-to-be-an-app-for-that-41344f61fb6f …http://www.techmeme.com/190501/p44#a190501p44 …","1","4","5","1556761576000","7:16 AM - 2 May 2019","/Techmeme/status/1123765617587367936"
"1557098429-108","https://twitter.com/search?l=&q=from%3Atechmeme%20since%3A2019-05-01%20until%3A2019-05-05&src=typd&lang=en","@Techmeme","Techmeme","Facebook shared far-right activist ban info with some news outlets before ban was in place, letting Alex Jones and others redirect followers to other platforms (@robaeprice / Business Insider)

https://www.businessinsider.in/Facebook-tried-to-turn-a-ban-of-far-right-figures-into-a-PR-opportunity-but-it-backfired/articleshow/69153387.cms …http://www.techmeme.com/190502/p20#a190502p20 …","1","1","4","1556830579000","2:26 AM - 3 May 2019","/Techmeme/status/1124055039214006272"
"1557098429-50","https://twitter.com/search?l=&q=from%3Atechmeme%20since%3A2019-05-01%20until%3A2019-05-05&src=typd&lang=en","@Techmeme","Techmeme","Technisys, which provides a digital banking software platform, raises $50M Series C led by Riverwood Capital (@angelicamari / ZDNet)

http://www.zdnet.com/article/banking-software-firm-technisys-seeks-global-expansion/ …http://www.techmeme.com/190501/p15#a190501p15 …","","1","","1556718077000","7:11 PM - 1 May 2019","/Techmeme/status/1123583171327557632"
"1557098429-80","https://twitter.com/search?l=&q=from%3Atechmeme%20since%3A2019-05-01%20until%3A2019-05-05&src=typd&lang=en","@Techmeme","Techmeme","Flashpoint says April Wipro attack was done by hackers who may have been operating under the radar since '15, have the hallmarks of an advanced, organized group (@wirelesswench / Threatpost)

http://threatpost.com/wipro-attackers-under-radar/144276/ …http://www.techmeme.com/190502/p2#a190502p2 …","","6","7","1556779891000","12:21 PM - 2 May 2019","/Techmeme/status/1123842434553851905"
"1557098429-82","https://twitter.com/search?l=&q=from%3Atechmeme%20since%3A2019-05-01%20until%3A2019-05-05&src=typd&lang=en","@Techmeme","Techmeme","CipherTrace: at least $356M of cryptocurrencies were stolen from exchanges in Q1 2019; cross-border payments from US exchanges are up 46% in past two years (@dcanellis / The Next Web)

http://thenextweb.com/hardfork/2019/05/01/cryptocurrency-stolen-first-quarter-2019-hack/ …http://www.techmeme.com/190501/p29#a190501p29 …","","5","3","1556735178000","11:56 PM - 1 May 2019","/Techmeme/status/1123654898602663937"
"1557098429-64","https://twitter.com/search?l=&q=from%3Atechmeme%20since%3A2019-05-01%20until%3A2019-05-05&src=typd&lang=en","@Techmeme","Techmeme","At F8, Mark Zuckerberg left out the fact that users are already moving towards more private sharing while discussing Facebook's privacy-focused next chapter (@caseynewton / The Interface)

http://www.getrevue.co/profile/caseynewton/issues/at-f8-facebook-focuses-on-privacy-and-little-else-175975 …http://www.techmeme.com/190430/p65#a190430p65 …","","8","13","1556676663000","7:41 AM - 1 May 2019","/Techmeme/status/1123409465972330497"
"1557098429-96","https://twitter.com/search?l=&q=from%3Atechmeme%20since%3A2019-05-01%20until%3A2019-05-05&src=typd&lang=en","@Techmeme","Techmeme","Innisfil, Ontario, which in 2017 decided to subsidize Uber rides in lieu of a public bus system, has been forced to raise fares and cap rides as adoption grows (@mslaurabliss / CityLab)

http://www.citylab.com/transportation/2019/04/innisfil-transit-ride-hailing-bus-public-transportation-uber/588154/ …http://www.techmeme.com/190504/p2#a190504p2 …","2","2","8","1556968585000","4:46 PM - 4 May 2019","/Techmeme/status/1124633876012441601"
"1557098429-102","https://twitter.com/search?l=&q=from%3Atechmeme%20since%3A2019-05-01%20until%3A2019-05-05&src=typd&lang=en","@Techmeme","Techmeme","Zenoti, which develops a spa and salon management platform, raises $50M Series C led by Tiger Global, bringing the total raised to $71M (@tomkrazit / GeekWire)

http://www.geekwire.com/2019/seattles-zenoti-raises-50m-increase-adoption-management-software-spas-salons/ …http://www.techmeme.com/190501/p23#a190501p23 …","","","6","1556728273000","10:01 PM - 1 May 2019","/Techmeme/status/1123625935708803073"
"1557098429-45","https://twitter.com/search?l=&q=from%3Atechmeme%20since%3A2019-05-01%20until%3A2019-05-05&src=typd&lang=en","@Techmeme","Techmeme","Document from May 2017 shows ICE used Palantir's software to target and arrest parents and other relatives of unaccompanied minors crossing the US-Mexico border (Mijente)

http://mijente.net/2019/05/02/palantir-arresting-families/ …http://www.techmeme.com/190502/p24#a190502p24 …","","5","1","1556838974000","4:46 AM - 3 May 2019","/Techmeme/status/1124090248818982913"
"1557098429-95","https://twitter.com/search?l=&q=from%3Atechmeme%20since%3A2019-05-01%20until%3A2019-05-05&src=typd&lang=en","@Techmeme","Techmeme","Facebook CTO Mike Schroepfer and others on AI techniques and progress in identifying image, video, and multi-lingual text content violating Facebook's rules (@kyle_l_wiggers / VentureBeat)

http://venturebeat.com/2019/05/01/believe-it-or-not-facebook-is-using-ai-to-reduce-abuse-and-bias/ …http://www.techmeme.com/190501/p32#a190501p32 …","","1","7","1556738174000","12:46 AM - 2 May 2019","/Techmeme/status/1123667461746905088"
"1557098429-88","https://twitter.com/search?l=&q=from%3Atechmeme%20since%3A2019-05-01%20until%3A2019-05-05&src=typd&lang=en","@Techmeme","Techmeme","Microsoft launches Azure Blockchain Services, a fully managed service meant to help businesses build applications on top of blockchain technology (@fredericl / TechCrunch)

http://techcrunch.com/2019/05/02/microsoft-launches-a-fully-managed-blockchain-service/ …http://www.techmeme.com/190502/p21#a190502p21 …","","2","6","1556832692000","3:01 AM - 3 May 2019","/Techmeme/status/1124063899672883217"
"1557098429-37","https://twitter.com/search?l=&q=from%3Atechmeme%20since%3A2019-05-01%20until%3A2019-05-05&src=typd&lang=en","@Techmeme","Techmeme","Sean Parker-backed Brigade says civic issues service Countable has acquired its IP, deletes ""non-essential"" user data, open sources voter file matching software (@joshconstine / TechCrunch)

http://techcrunch.com/2019/05/01/brigade-countable/ …http://www.techmeme.com/190501/p43#a190501p43 …","","4","3","1556757373000","6:06 AM - 2 May 2019","/Techmeme/status/1123747990403993600"
"1557098429-46","https://twitter.com/search?l=&q=from%3Atechmeme%20since%3A2019-05-01%20until%3A2019-05-05&src=typd&lang=en","@Techmeme","Techmeme","FreightHub, which offers transport services for sea, air, and rail freight built on digitized processes, raises $30M Series B led by Rider Global, Maersk Growth (@sohear / TechCrunch)

http://techcrunch.com/2019/05/02/freighthub-b/ …http://www.techmeme.com/190502/p7#a190502p7 …","","1","1","1556802680000","6:41 PM - 2 May 2019","/Techmeme/status/1123938020812558337"
"1557098429-77","https://twitter.com/search?l=&q=from%3Atechmeme%20since%3A2019-05-01%20until%3A2019-05-05&src=typd&lang=en","@Techmeme","Techmeme","Facebook says users will be able to send chat messages across Messenger, Instagram, and WhatsApp in the future (@nicole / Engadget)

http://www.engadget.com/2019/04/30/facebook-will-let-users-chat-across-messenger-instagram-and-wha/ …http://www.techmeme.com/190501/p3#a190501p3 …","1","5","8","1556688986000","11:06 AM - 1 May 2019","/Techmeme/status/1123461153500422149"
"1557098429-112","https://twitter.com/search?l=&q=from%3Atechmeme%20since%3A2019-05-01%20until%3A2019-05-05&src=typd&lang=en","@Techmeme","Techmeme","Indian media group Times Internet reports 450M+ monthly users across its ~36 news, video, and music properties, says its biggest challenge is increasing revenue (@refsrc / TechCrunch)

http://techcrunch.com/2019/04/30/indias-times-internet-isnt-ceding-ground-to-us-rivals-facebook-and-google/ …http://www.techmeme.com/190501/p6#a190501p6 …","","7","9","1556697380000","1:26 PM - 1 May 2019","/Techmeme/status/1123496361591279616"
"1557098429-5","https://twitter.com/search?l=&q=from%3Atechmeme%20since%3A2019-05-01%20until%3A2019-05-05&src=typd&lang=en","@Techmeme","Techmeme","Jack Dorsey has emerged as a lifestyle guru in Silicon Valley, raising demand for near-infrared saunas, meditation retreats, cryotherapy spas, and fasting tools (@nelliebowles / New York Times)

http://www.nytimes.com/2019/05/02/fashion/jack-dorsey-influencer.html …http://www.techmeme.com/190503/p16#a190503p16 …","11","13","25","1556922683000","4:01 AM - 4 May 2019","/Techmeme/status/1124441351188303873"
"1557098429-65","https://twitter.com/search?l=&q=from%3Atechmeme%20since%3A2019-05-01%20until%3A2019-05-05&src=typd&lang=en","@Techmeme","Techmeme","Around 20 security experts have united with http://Securepairs.org  to support right-to-repair legislation with expert witnesses at hearings across the US (@lmatsakis / Wired)

http://www.wired.com/story/right-to-repair-security-experts-california …http://www.techmeme.com/190501/p18#a190501p18 …","1","4","5","1556720790000","7:56 PM - 1 May 2019","/Techmeme/status/1123594550847725568"
"1557098429-61","https://twitter.com/search?l=&q=from%3Atechmeme%20since%3A2019-05-01%20until%3A2019-05-05&src=typd&lang=en","@Techmeme","Techmeme","Golden, a Wikipedia-like ""knowledge base"" built by artificial and human intelligence focused on emerging tech and startups, raises $5M seed from a16z and others (@anthonyha / TechCrunch)

http://techcrunch.com/2019/04/30/golden-launch/ …http://www.techmeme.com/190502/p1#a190502p1 …","","4","17","1556772376000","10:16 AM - 2 May 2019","/Techmeme/status/1123810914384347136"
"1557098429-66","https://twitter.com/search?l=&q=from%3Atechmeme%20since%3A2019-05-01%20until%3A2019-05-05&src=typd&lang=en","@Techmeme","Techmeme","Sources: Google is rapidly adding retailers to Google Express, tests showing product recommendations and prices with an option to buy under YouTube videos (@priyasideas / The Information)

http://www.theinformation.com/articles/googles-new-plan-to-challenge-amazon-for-shoppers …http://www.techmeme.com/190503/p10#a190503p10 …","1","1","8","1556903485000","10:41 PM - 3 May 2019","/Techmeme/status/1124360827799244801"
"1557098429-23","https://twitter.com/search?l=&q=from%3Atechmeme%20since%3A2019-05-01%20until%3A2019-05-05&src=typd&lang=en","@Techmeme","Techmeme","Researchers link 6 software supply chain attacks, including backdoors in CCleaner and Asus' software update tool, to a group of likely Chinese-speaking hackers (@a_greenberg / Wired)

http://www.wired.com/story/barium-supply-chain-hackers …http://www.techmeme.com/190503/p15#a190503p15 …","","6","7","1556919383000","3:06 AM - 4 May 2019","/Techmeme/status/1124427507565043712"
"1557098429-55","https://twitter.com/search?l=&q=from%3Atechmeme%20since%3A2019-05-01%20until%3A2019-05-05&src=typd&lang=en","@Techmeme","Techmeme","Digital payments processing startup Checkout raises $230M Series A co-led by Insight Partners and DST Global at a valuation just shy of $2B (@cookie / TechCrunch)

http://techcrunch.com/2019/05/02/a-quiet-london-based-payments-startup-just-raised-among-the-biggest-series-a-rounds-ever-in-europe/ …http://www.techmeme.com/190503/p2#a190503p2 …","","","3","1556882475000","4:51 PM - 3 May 2019","/Techmeme/status/1124272703026946048"
"1557098429-54","https://twitter.com/search?l=&q=from%3Atechmeme%20since%3A2019-05-01%20until%3A2019-05-05&src=typd&lang=en","@Techmeme","Techmeme","Facebook relaunches Oculus for Business, coming this fall, with a new software suite and UX customized for business use cases, adds support for the Oculus Quest (@stephcondoncbs / ZDNet)

http://www.zdnet.com/article/facebook-primes-the-oculus-quest-for-business-use-cases/ …http://www.techmeme.com/190430/p62#a190430p62 …","","2","3","1556670967000","6:06 AM - 1 May 2019","/Techmeme/status/1123385577779486721"
"1557098429-104","https://twitter.com/search?l=&q=from%3Atechmeme%20since%3A2019-05-01%20until%3A2019-05-05&src=typd&lang=en","@Techmeme","Techmeme","Code for America created an algorithm that identified 8K+ cannabis-related convictions eligible for expungement, cutting the process from months to minutes (@davelee / BBC)

http://www.bbc.com/news/technology-48072164 …http://www.techmeme.com/190501/p4#a190501p4 …","1","13","27","1556690170000","11:26 AM - 1 May 2019","/Techmeme/status/1123466121254977536"
"1557098429-17","https://twitter.com/search?l=&q=from%3Atechmeme%20since%3A2019-05-01%20until%3A2019-05-05&src=typd&lang=en","@Techmeme","Techmeme","Researchers reverse engineer an app used by Chinese authorities in Xinjiang which connects to a mass surveillance system for tracking Muslim minorities (Human Rights Watch)

http://www.hrw.org/video-photos/interactive/2019/05/02/china-how-mass-surveillance-works-xinjiang …http://www.techmeme.com/190502/p6#a190502p6 …","1","10","13","1556802104000","6:31 PM - 2 May 2019","/Techmeme/status/1123935603341631490"
"1557098429-110","https://twitter.com/search?l=&q=from%3Atechmeme%20since%3A2019-05-01%20until%3A2019-05-05&src=typd&lang=en","@Techmeme","Techmeme","Google says it will roll out a new tool that lets users limit how long it keeps location, search, and browsing data to either three or 18 months (@kyle_l_wiggers / VentureBeat)

http://venturebeat.com/2019/05/01/google-can-now-automatically-delete-your-location-app-and-search-activity-data/ …http://www.techmeme.com/190501/p26#a190501p26 …","5","7","17","1556730972000","10:46 PM - 1 May 2019","/Techmeme/status/1123637257041215490"
"1557098429-99","https://twitter.com/search?l=&q=from%3Atechmeme%20since%3A2019-05-01%20until%3A2019-05-05&src=typd&lang=en","@Techmeme","Techmeme","Facebook bans Alex Jones, Milo, Laura Loomer, Louis Farrakhan, others from Facebook and Instagram, citing ""dangerous individuals and organizations"" policy (@caseynewton / The Verge)

http://www.theverge.com/2019/5/2/18526964/facebook-ban-alex-jones-laura-loomer-milo-louis-farrakhan …http://www.techmeme.com/190502/p17#a190502p17 …","3","5","12","1556821126000","11:48 PM - 2 May 2019","/Techmeme/status/1124015387295846402"
"1557098429-94","https://twitter.com/search?l=&q=from%3Atechmeme%20since%3A2019-05-01%20until%3A2019-05-05&src=typd&lang=en","@Techmeme","Techmeme","Indio raises $20M Series B led by Menlo Ventures, with participation from 8VC, for its white-label platform that digitizes insurance applications (@psawers / VentureBeat)

http://venturebeat.com/2019/05/02/indio-raises-20-million-for-white-label-platform-that-digitizes-insurance-applications/ …http://www.techmeme.com/190502/p11#a190502p11 …","","","5","1556809295000","8:31 PM - 2 May 2019","/Techmeme/status/1123965765911236609"
"1557098429-78","https://twitter.com/search?l=&q=from%3Atechmeme%20since%3A2019-05-01%20until%3A2019-05-05&src=typd&lang=en","@Techmeme","Techmeme","Google says it is adding Tiles, swipeable widgets with useful information, to Wear OS over the next month (@chriswelch / The Verge)

http://www.theverge.com/2019/5/1/18525335/google-wear-os-tiles-widgets-new-feature-announced …http://www.techmeme.com/190501/p20#a190501p20 …","","","3","1556723776000","8:46 PM - 1 May 2019","/Techmeme/status/1123607072602578948"
"1557098429-38","https://twitter.com/search?l=&q=from%3Atechmeme%20since%3A2019-05-01%20until%3A2019-05-05&src=typd&lang=en","@Techmeme","Techmeme","Kaspersky Lab profiles Volodya, one of the most prolific Windows exploit developers, who has sold zero-days to criminal gangs and state-backed APTs (@campuscodi / ZDNet)

http://www.zdnet.com/article/mysterious-hacker-has-been-selling-windows-0-days-to-apt-groups-for-three-years/ …http://www.techmeme.com/190501/p40#a190501p40 …","","9","15","1556752576000","4:46 AM - 2 May 2019","/Techmeme/status/1123727868977143809"
"1557098429-98","https://twitter.com/search?l=&q=from%3Atechmeme%20since%3A2019-05-01%20until%3A2019-05-05&src=typd&lang=en","@Techmeme","Techmeme","Online extremism researchers face a similar toll on their mental health as content moderators, but, without anonymity, their work leaves them open to harassment (@parismartineau / Wired)

http://www.wired.com/story/existential-crisis-plaguing-online-extremism-researchers …http://www.techmeme.com/190502/p27#a190502p27 …","","2","3","1556844708000","6:21 AM - 3 May 2019","/Techmeme/status/1124114296919724032"
"1557098429-18","https://twitter.com/search?l=&q=from%3Atechmeme%20since%3A2019-05-01%20until%3A2019-05-05&src=typd&lang=en","@Techmeme","Techmeme","So-Young International, a Chinese online marketplace for medical aesthetic services, closes up 31% in its first day of trading after raising ~$179.4M in its IPO (xinhuanet)

http://www.xinhuanet.com/english/2019-05/03/c_138030203.htm …http://www.techmeme.com/190503/p3#a190503p3 …","","1","2","1556887591000","6:16 PM - 3 May 2019","/Techmeme/status/1124294164215160832"
"1557098429-68","https://twitter.com/search?l=&q=from%3Atechmeme%20since%3A2019-05-01%20until%3A2019-05-05&src=typd&lang=en","@Techmeme","Techmeme","Sources: Huawei plans to enter TV market, launching a 5G-enabled 8K TV as early as this year (Nikkei)

http://asia.nikkei.com/Business/China-tech/Huawei-to-enter-high-end-electronics-with-world-s-first-5G-TV …http://www.techmeme.com/190501/p30#a190501p30 …","","4","8","1556735773000","12:06 AM - 2 May 2019","/Techmeme/status/1123657391562792962"
"1557098429-6","https://twitter.com/search?l=&q=from%3Atechmeme%20since%3A2019-05-01%20until%3A2019-05-05&src=typd&lang=en","@Techmeme","Techmeme","Verizon, T-Mobile, Sprint, and AT&T hit with class action lawsuits for selling customer location data (@josephfcox / Motherboard)

http://motherboard.vice.com/en_us/article/3k3dv3/verizon-tmobile-sprint-att-class-action-lawsuit-selling-phone-location-data …http://www.techmeme.com/190504/p7#a190504p7 …","","8","8","1557004283000","2:41 AM - 5 May 2019","/Techmeme/status/1124783606122070016"
"1557098429-101","https://twitter.com/search?l=&q=from%3Atechmeme%20since%3A2019-05-01%20until%3A2019-05-05&src=typd&lang=en","@Techmeme","Techmeme","FCC fixes an error in its broadband deployment data, now says 21.3M Americans were without broadband at the end of 2017, up from the originally reported 19.4M (@jbrodkin / Ars Technica)

http://arstechnica.com/tech-policy/2019/05/ajit-pai-says-hes-fixed-giant-fcc-error-that-exaggerated-broadband-growth/ …http://www.techmeme.com/190501/p41#a190501p41 …","","3","5","1556754378000","5:16 AM - 2 May 2019","/Techmeme/status/1123735429163945992"
"1557098429-49","https://twitter.com/search?l=&q=from%3Atechmeme%20since%3A2019-05-01%20until%3A2019-05-05&src=typd&lang=en","@Techmeme","Techmeme","Q&A with Oculus' director of content ecosystem, Chris Pruett, on content strategy, positioning in the VR headset market, social VR, developer approach, more (@horwitz / VentureBeat)

http://venturebeat.com/2019/04/30/oculus-quest-interview-standalone-vr-built-for-value-conscious-gamers/ …http://www.techmeme.com/190501/p1#a190501p1 …","","8","19","1556685083000","10:01 AM - 1 May 2019","/Techmeme/status/1123444783077318656"
"1557098429-60","https://twitter.com/search?l=&q=from%3Atechmeme%20since%3A2019-05-01%20until%3A2019-05-05&src=typd&lang=en","@Techmeme","Techmeme","Amazon says it will make Alexa's in-skill purchases available to developers in the UK, Germany, and Japan, expanding beyond the US (@sarahintampa / TechCrunch)

http://techcrunch.com/2019/05/01/alexa-in-skill-purchasing-which-lets-developers-make-money-from-voice-apps-launches-internationally/ …http://www.techmeme.com/190501/p21#a190501p21 …","","2","1","1556724074000","8:51 PM - 1 May 2019","/Techmeme/status/1123608324019314688"
"1557098429-35","https://twitter.com/search?l=&q=from%3Atechmeme%20since%3A2019-05-01%20until%3A2019-05-05&src=typd&lang=en","@Techmeme","Techmeme","Analysis: In Q1, for the first time, Amazon's first-party online retail sales of $29.5B were less than half of its overall net sales, which were $59.7B (@natjlevy / GeekWire)

http://www.geekwire.com/2019/first-time-amazons-online-sales-make-less-half-entire-business/ …http://www.techmeme.com/190501/p38#a190501p38 …","","3","8","1556748693000","3:41 AM - 2 May 2019","/Techmeme/status/1123711582108901379"
"1557098429-84","https://twitter.com/search?l=&q=from%3Atechmeme%20since%3A2019-05-01%20until%3A2019-05-05&src=typd&lang=en","@Techmeme","Techmeme","Aryaka, which provides software-defined network connectivity tools, raises $50M Series F led by Goldman Sachs, bringing its total raised to $184M (@kyle_l_wiggers / VentureBeat)

http://venturebeat.com/2019/05/01/aryaka-raises-50-million-for-software-defined-networking-tools/ …http://www.techmeme.com/190501/p13#a190501p13 …","","","2","1556716573000","6:46 PM - 1 May 2019","/Techmeme/status/1123576859969687552"
"1557098429-40","https://twitter.com/search?l=&q=from%3Atechmeme%20since%3A2019-05-01%20until%3A2019-05-05&src=typd&lang=en","@Techmeme","Techmeme","Square reports Q1 revenue of $489M, up 59% YoY, but a net loss of $38M, widening from a loss of $24M YoY; stock down 5%+ after hours (@ingridlunden / TechCrunch)

http://techcrunch.com/2019/05/01/square-reports-q1-sales-of-489m-up-59-but-net-loss-widens-to-38m/ …http://www.techmeme.com/190501/p36#a190501p36 …","","1","7","1556744176000","2:26 AM - 2 May 2019","/Techmeme/status/1123692636030865409"
"1557098429-81","https://twitter.com/search?l=&q=from%3Atechmeme%20since%3A2019-05-01%20until%3A2019-05-05&src=typd&lang=en","@Techmeme","Techmeme","Hulu says it has 26.8M paying subscribers in the US, up from 23M at the end of 2018, not including the 1.3M users signed up through promotions like free trials (@natjarv / Hollywood Reporter)

http://www.hollywoodreporter.com/live-feed/hulu-grows-28-million-subscribers-1206322 …http://www.techmeme.com/190501/p17#a190501p17 …","","3","1","1556719876000","7:41 PM - 1 May 2019","/Techmeme/status/1123590715676790784"
"1557098429-100","https://twitter.com/search?l=&q=from%3Atechmeme%20since%3A2019-05-01%20until%3A2019-05-05&src=typd&lang=en","@Techmeme","Techmeme","Denver-based Pana, a startup with an online service that helps companies coordinate business travel, has closed a $10M Series A led by Bessemer Venture Partners (@lucasmtny / TechCrunch)

http://techcrunch.com/2019/04/29/pana-raises-10-million-series-a-to-help-companies-arrange-travel-for-onsite-interviews/ …http://www.techmeme.com/190430/p69#a190430p69 …","","","5","1556681164000","8:56 AM - 1 May 2019","/Techmeme/status/1123428347281838080"
"1557098429-20","https://twitter.com/search?l=&q=from%3Atechmeme%20since%3A2019-05-01%20until%3A2019-05-05&src=typd&lang=en","@Techmeme","Techmeme","A group of YouTube engineers warned IE6 users ten years ago, without permission, that the browser would not be supported, contributing to its demise (@zacman85)

http://blog.chriszacharias.com/a-conspiracy-to-kill-ie6 …http://www.techmeme.com/190503/p12#a190503p12 …","","3","9","1556908284000","12:01 AM - 4 May 2019","/Techmeme/status/1124380956259954692"
"1557098429-71","https://twitter.com/search?l=&q=from%3Atechmeme%20since%3A2019-05-01%20until%3A2019-05-05&src=typd&lang=en","@Techmeme","Techmeme","Putin signs bill that intends to give Russia a ""sovereign internet"" the Kremlin could disconnect from the global web; the bill goes into effect on November 1 (@maxseddon / Financial Times)

https://on.ft.com/2GIdc7W http://www.techmeme.com/190501/p39#a190501p39 …","2","7","4","1556748975000","3:46 AM - 2 May 2019","/Techmeme/status/1123712766265761803"
"1557098429-16","https://twitter.com/search?l=&q=from%3Atechmeme%20since%3A2019-05-01%20until%3A2019-05-05&src=typd&lang=en","@Techmeme","Techmeme","Smartwatch shipments up 48% YoY in Q1 2019: Apple Watch grew 49% YoY for a 35.8% market share, followed by Samsung's 127% YoY growth for an 11% market share (@satya_analyst / Counterpoint Research)

http://www.counterpointresearch.com/global-smartwatch-shipments-grew-48yoy-q1-2019-one-three-apple-watch/ …http://www.techmeme.com/190502/p12#a190502p12 …","","10","15","1556811980000","9:16 PM - 2 May 2019","/Techmeme/status/1123977028594741249"
"1557098429-73","https://twitter.com/search?l=&q=from%3Atechmeme%20since%3A2019-05-01%20until%3A2019-05-05&src=typd&lang=en","@Techmeme","Techmeme","Built Technologies, which provides cloud-based construction lending software, raises $31M Series B led by Goldman Sachs Investment Partners (FinSMEs)

http://www.finsmes.com/2019/04/built-technologies-completes-31m-series-b-financing-round.html …http://www.techmeme.com/190501/p2#a190501p2 …","","1","3","1556685967000","10:16 AM - 1 May 2019","/Techmeme/status/1123448492670767109"
"1557098429-115","https://twitter.com/search?l=&q=from%3Atechmeme%20since%3A2019-05-01%20until%3A2019-05-05&src=typd&lang=en","@Techmeme","Techmeme","Rappi, an on-demand delivery startup operating in Latin America, has raised up to $1B from SoftBank, the largest ever round for a Latin American tech startup (@kateclarktweets / TechCrunch)

http://techcrunch.com/2019/04/30/softbank-makes-a-huge-bet-on-latin-america/ …http://www.techmeme.com/190430/p66#a190430p66 …","2","9","21","1556678163000","8:06 AM - 1 May 2019","/Techmeme/status/1123415759273832448"
"1557098429-7","https://twitter.com/search?l=&q=from%3Atechmeme%20since%3A2019-05-01%20until%3A2019-05-05&src=typd&lang=en","@Techmeme","Techmeme","Some Git source code repositories, including at least 392 from GitHub, have been wiped and replaced with a ransom demand in a possible coordinated attack (@campuscodi / ZDNet)

http://www.zdnet.com/article/hacker-holding-git-repositories-for-ransom/ …http://www.techmeme.com/190503/p17#a190503p17 …","","7","13","1556927782000","5:26 AM - 4 May 2019","/Techmeme/status/1124462736782647297"
"1557098429-48","https://twitter.com/search?l=&q=from%3Atechmeme%20since%3A2019-05-01%20until%3A2019-05-05&src=typd&lang=en","@Techmeme","Techmeme","Microsoft unveils HoloLens 2 developer edition for $3,500, out later this year, says Unreal Engine 4 support for HoloLens 2 will be available by the end of May (@tomwarren / The Verge)

http://www.theverge.com/2019/5/2/18526294/microsoft-hololens-2-developer-edition-pricing-release-date …http://www.techmeme.com/190502/p22#a190502p22 …","","5","3","1556833280000","3:11 AM - 3 May 2019","/Techmeme/status/1124066367395770368"
"1557098429-24","https://twitter.com/search?l=&q=from%3Atechmeme%20since%3A2019-05-01%20until%3A2019-05-05&src=typd&lang=en","@Techmeme","Techmeme","India-based BlackBuck, which connects businesses with truck owners and freight operators, raises $150M Series D, source says at an almost $1B valuation (@refsrc / TechCrunch)

http://techcrunch.com/2019/05/01/indias-blackbuck-raises-150-million-to-digitize-freight-and-logistics-across-india/ …http://www.techmeme.com/190501/p11#a190501p11 …","","3","4","1556714172000","6:06 PM - 1 May 2019","/Techmeme/status/1123566789730893825"
"1557098429-3","https://twitter.com/search?l=&q=from%3Atechmeme%20since%3A2019-05-01%20until%3A2019-05-05&src=typd&lang=en","@Techmeme","Techmeme","Spotify launches voice-enabled ads, which encourage the listener to say a command to take action on the ad's content, in a limited test in the US (@sarahintampa / TechCrunch)

http://techcrunch.com/2019/05/02/spotify-launches-voice-enabled-ads-on-mobile-devices-in-a-limited-u-s-test/ …http://www.techmeme.com/190502/p10#a190502p10 …","","13","38","1556807191000","7:56 PM - 2 May 2019","/Techmeme/status/1123956938964967424"
"1557098429-8","https://twitter.com/search?l=&q=from%3Atechmeme%20since%3A2019-05-01%20until%3A2019-05-05&src=typd&lang=en","@Techmeme","Techmeme","Sources: Verizon is seeking a buyer for Tumblr as it tries to steady Verizon Media Group, which has struggled to meet revenue targets (Wall Street Journal)

https://www.wsj.com/articles/verizon-looks-to-unload-tumblr-blogging-site-11556823135 …http://www.techmeme.com/190502/p18#a190502p18 …","","8","8","1556823904000","12:35 AM - 3 May 2019","/Techmeme/status/1124027041546932227"
"1557098429-12","https://twitter.com/search?l=&q=from%3Atechmeme%20since%3A2019-05-01%20until%3A2019-05-05&src=typd&lang=en","@Techmeme","Techmeme","Fitbit reports Q1 revenue of $271.9M, up 9.7% YoY and beating analyst expectations of $259.7M, as smartwatch device sales were up 117% YoY (@bheater / TechCrunch)

http://techcrunch.com/2019/05/01/fitbit-beats-q1-revenue-expectations-as-smartwatch-growth-continues/ …http://www.techmeme.com/190501/p42#a190501p42 …","","3","2","1556756171000","5:46 AM - 2 May 2019","/Techmeme/status/1123742947198013440"
"1557098429-44","https://twitter.com/search?l=&q=from%3Atechmeme%20since%3A2019-05-01%20until%3A2019-05-05&src=typd&lang=en","@Techmeme","Techmeme","Behind the fiasco of Star Citizen, a primarily crowdfunded video game that has raised ~$300M and isn't close to full launch after seven years of development (@mattryanperez / Forbes)

http://www.forbes.com/sites/mattperez/2019/05/01/exclusive-the-saga-of-star-citizen-a-video-game-that-raised-300-millionbut-may-never-be-ready-to-play/ …http://www.techmeme.com/190502/p8#a190502p8 …","","2","4","1556803879000","7:01 PM - 2 May 2019","/Techmeme/status/1123943047933452290"
"1557098429-79","https://twitter.com/search?l=&q=from%3Atechmeme%20since%3A2019-05-01%20until%3A2019-05-05&src=typd&lang=en","@Techmeme","Techmeme","Colorado-based Red Canary raises $34M led by Summit Partners, bringing its total raised to $48.9M, for its suite of cloud-based threat detection services (@kyle_l_wiggers / VentureBeat)

http://venturebeat.com/2019/04/30/red-canary-raises-34-million-to-detect-and-remediate-cyber-threats/ …http://www.techmeme.com/190502/p19#a190502p19 …","","1","3","1556826377000","1:16 AM - 3 May 2019","/Techmeme/status/1124037412018114561"
"1557098429-39","https://twitter.com/search?l=&q=from%3Atechmeme%20since%3A2019-05-01%20until%3A2019-05-05&src=typd&lang=en","@Techmeme","Techmeme","Research: since Airbnb's 2008 launch, $14.6B has been invested in ~1,800 digital travel startups, many of them filling the gaps Airbnb can't or won't address (@kgmelich / Bloomberg)

http://www.bloomberg.com/news/articles/2019-05-01/airbnb-spawned-an-ecosystem-of-startups-that-sweat-the-details-so-owners-don-t-have-to …http://www.techmeme.com/190502/p15#a190502p15 …","","5","8","1556818280000","11:01 PM - 2 May 2019","/Techmeme/status/1124003450499534849"
"1557098429-57","https://twitter.com/search?l=&q=from%3Atechmeme%20since%3A2019-05-01%20until%3A2019-05-05&src=typd&lang=en","@Techmeme","Techmeme","YouTube says it will make all of its original content free this fall in a strategy that its CBO says is in opposition to what other media companies are doing (@xpangler / Variety)

http://variety.com/2019/digital/news/youtube-free-streaming-originals-cobra-kai-liza-on-demand-1203203604/ …http://www.techmeme.com/190502/p29#a190502p29 …","","4","7","1556849477000","7:41 AM - 3 May 2019","/Techmeme/status/1124134299643666432"
"1557098429-33","https://twitter.com/search?l=&q=from%3Atechmeme%20since%3A2019-05-01%20until%3A2019-05-05&src=typd&lang=en","@Techmeme","Techmeme","Airbnb-backed budget hotel startup Oyo acquires the Leisure Group from Axel Springer for €369.5M to expand into Europe (@ingridlunden / TechCrunch)

http://techcrunch.com/2019/05/01/airbnb-backed-oyo-moves-into-europe-acquires-leisure-from-axel-springer-for-415m/ …http://www.techmeme.com/190501/p9#a190501p9 …","","","1","1556712137000","5:32 PM - 1 May 2019","/Techmeme/status/1123558255005978624"
"1557098429-47","https://twitter.com/search?l=&q=from%3Atechmeme%20since%3A2019-05-01%20until%3A2019-05-05&src=typd&lang=en","@Techmeme","Techmeme","Alphabet tells US House panel it spends hundreds of millions annually on content review, has manually reviewed 1M+ suspected terrorist videos on YouTube in Q1 (@davidshepardson / Reuters)

http://www.reuters.com/article/us-alphabet-google-youtube/google-spends-hundreds-of-millions-of-dollars-on-content-review-letter-idUSKCN1S81OK …http://www.techmeme.com/190502/p16#a190502p16 …","","5","6","1556819658000","11:24 PM - 2 May 2019","/Techmeme/status/1124009232158941187"
"1557098429-107","https://twitter.com/search?l=&q=from%3Atechmeme%20since%3A2019-05-01%20until%3A2019-05-05&src=typd&lang=en","@Techmeme","Techmeme","At F8, Facebook emphasized products and features it aspires to become dominant tomorrow, but despite much talk, didn't actually launch any new privacy features (@joshconstine / TechCrunch)

http://techcrunch.com/2019/05/01/aspirationbook/ …http://www.techmeme.com/190502/p3#a190502p3 …","","4","16","1556794278000","4:21 PM - 2 May 2019","/Techmeme/status/1123902779968372737"
"1557098429-89","https://twitter.com/search?l=&q=from%3Atechmeme%20since%3A2019-05-01%20until%3A2019-05-05&src=typd&lang=en","@Techmeme","Techmeme","ManyChat, a startup that helps companies create Facebook Messenger bots for marketing, sales, and support, raises $18M Series A led by Bessemer Venture Partners (@anthonyha / TechCrunch)

http://techcrunch.com/2019/04/29/manychat-series-a/ …http://www.techmeme.com/190430/p64#a190430p64 …","","1","2","1556673962000","6:56 AM - 1 May 2019","/Techmeme/status/1123398139199852544"
"1557098429-27","https://twitter.com/search?l=&q=from%3Atechmeme%20since%3A2019-05-01%20until%3A2019-05-05&src=typd&lang=en","@Techmeme","Techmeme","Report: VC funding into Latin American startups reached a record $1.98B in 2018, up from $1.14B in 2017, with top five investments accounting for $1.2B (@bayareawriter / Crunchbase News)

http://news.crunchbase.com/news/latin-america-has-arrived-among-global-vcs/ …http://www.techmeme.com/190430/p67#a190430p67 …","","15","18","1556679080000","8:21 AM - 1 May 2019","/Techmeme/status/1123419603126956033"
"1557098429-105","https://twitter.com/search?l=&q=from%3Atechmeme%20since%3A2019-05-01%20until%3A2019-05-05&src=typd&lang=en","@Techmeme","Techmeme","Study: if Facebook continues to grow at its current rate, it could have 4.9B deceased members by 2100, raising questions about what happens to their data (@cantormatthew / The Guardian)

http://www.theguardian.com/technology/2019/apr/29/facebook-dead-users-2100-oxford …http://www.techmeme.com/190501/p14#a190501p14 …","2","5","5","1556717473000","7:01 PM - 1 May 2019","/Techmeme/status/1123580636512624640"
"1557098429-86","https://twitter.com/search?l=&q=from%3Atechmeme%20since%3A2019-05-01%20until%3A2019-05-05&src=typd&lang=en","@Techmeme","Techmeme","Amazon launches a new Middle East marketplace, http://Amazon.ae , two years after buying Dubai-based e-commerce company http://Souq.com  for $580M, which it will close (@eugenekim222 / CNBC)

http://www.cnbc.com/2019/04/30/amazon-closes-souq-acquired-for-580m-opens-middle-east-marketplace.html …http://www.techmeme.com/190430/p61#a190430p61 …","","4","2","1556669491000","5:41 AM - 1 May 2019","/Techmeme/status/1123379385187303424"
"1557098429-10","https://twitter.com/search?l=&q=from%3Atechmeme%20since%3A2019-05-01%20until%3A2019-05-05&src=typd&lang=en","@Techmeme","Techmeme","After Facebook bans seven extremists, Trump, in a series of tweets, complains about the ban, retweeting extremists' tweets, and issuing vague threats (CNN)

http://edition.cnn.com/2019/05/04/tech/trump-social-media-twitter-facebook/ …http://www.techmeme.com/190504/p6#a190504p6 …","21","4","4","1556999507000","1:21 AM - 5 May 2019","/Techmeme/status/1124763571093692416"
"1557098429-53","https://twitter.com/search?l=&q=from%3Atechmeme%20since%3A2019-05-01%20until%3A2019-05-05&src=typd&lang=en","@Techmeme","Techmeme","Sense, a contractor engagement and communication platform, raises $13.5M Series B led by GV with participation from Accel, bringing total raised to $23.5M (@psawers / VentureBeat)

http://venturebeat.com/2019/05/02/gv-leads-13-5-million-investment-in-contractor-engagement-platform-sense/ …http://www.techmeme.com/190502/p14#a190502p14 …","","1","1","1556816177000","10:26 PM - 2 May 2019","/Techmeme/status/1123994632139022337"
"1557098429-14","https://twitter.com/search?l=&q=from%3Atechmeme%20since%3A2019-05-01%20until%3A2019-05-05&src=typd&lang=en","@Techmeme","Techmeme","Report: in Q1 2019, funding for Chinese fintech startups dropped 87.6% YoY to $192.1M, India became Asia's top fintech funding hub with $285.6M raised (@hockmengtay1 / DealStreetAsia)

http://www.dealstreetasia.com/stories/india-china-fintech-q1-133375/ …http://www.techmeme.com/190501/p12#a190501p12 …","","5","7","1556715086000","6:21 PM - 1 May 2019","/Techmeme/status/1123570625405161472"
"1557098429-4","https://twitter.com/search?l=&q=from%3Atechmeme%20since%3A2019-05-01%20until%3A2019-05-05&src=typd&lang=en","@Techmeme","Techmeme","How Satya Nadella led Microsoft to have more subscribers than Netflix, more cloud computing revenue than Google, and a near-trillion-dollar market cap (Bloomberg)

http://www.bloomberg.com/news/features/2019-05-02/satya-nadella-remade-microsoft-as-world-s-most-valuable-company?cmpid%3D=socialflow-twitter-tech …http://www.techmeme.com/190502/p4#a190502p4 …","1","66","130","1556799375000","5:46 PM - 2 May 2019","/Techmeme/status/1123924157216055296"
"1557098429-51","https://twitter.com/search?l=&q=from%3Atechmeme%20since%3A2019-05-01%20until%3A2019-05-05&src=typd&lang=en","@Techmeme","Techmeme","Microsoft announces new Azure services, including Azure SQL Database Edge, which will run on compute-constrained devices, and updates to Azure Machine Learning (@maryjofoley / ZDNet)

http://www.zdnet.com/article/microsoft-adds-more-ai-mixed-reality-iot-services-to-its-azure-line-up/ …http://www.techmeme.com/190502/p23#a190502p23 …","","1","7","1556836284000","4:01 AM - 3 May 2019","/Techmeme/status/1124078963905765379"
"1557098429-109","https://twitter.com/search?l=&q=from%3Atechmeme%20since%3A2019-05-01%20until%3A2019-05-05&src=typd&lang=en","@Techmeme","Techmeme","Source: FTC and Facebook are negotiating a settlement where Facebook must appoint a federally approved privacy official and create a privacy oversight committee (@nancyscola / Politico)

http://www.politico.com/story/2019/05/01/new-privacy-oversight-on-the-table-for-facebook-zuckerberg-1402278 …http://www.techmeme.com/190501/p45#a190501p45 …","2","8","12","1556765175000","8:16 AM - 2 May 2019","/Techmeme/status/1123780711398432776"
"1557098429-70","https://twitter.com/search?l=&q=from%3Atechmeme%20since%3A2019-05-01%20until%3A2019-05-05&src=typd&lang=en","@Techmeme","Techmeme","Data management startup Snowflake, valued at $4B, says its CEO Bob Muglia is stepping down after five years, to be replaced by ex-ServiceNow CEO Frank Slootman (@micahmaidenberg / Wall Street Journal)

https://www.wsj.com/articles/cloud-data-specialist-snowflake-picks-new-chief-in-ceo-ouster-11556710200?shareToken=st5a5cd9788e54416f9349568052f21698 …http://www.techmeme.com/190501/p33#a190501p33 …","","6","7","1556740278000","1:21 AM - 2 May 2019","/Techmeme/status/1123676289431482368"
"1557098429-41","https://twitter.com/search?l=&q=from%3Atechmeme%20since%3A2019-05-01%20until%3A2019-05-05&src=typd&lang=en","@Techmeme","Techmeme","Amazon Marketplace lets sellers offer lithium-ion batteries and other products that can cause injuries, causing some to ask who is to blame when things go wrong (@alanasemuels / The Atlantic)

http://www.theatlantic.com/technology/archive/2019/04/lithium-ion-batteries-amazon-are-exploding/587005/ …http://www.techmeme.com/190503/p19#a190503p19 …","","3","4","1556934377000","7:16 AM - 4 May 2019","/Techmeme/status/1124490398699851777"
"1557098429-113","https://twitter.com/search?l=&q=from%3Atechmeme%20since%3A2019-05-01%20until%3A2019-05-05&src=typd&lang=en","@Techmeme","Techmeme","Amazon confirms it provides an online freight service that matches truck drivers with shippers; sources say the service has been in testing since last year (@eugenekim222 / CNBC)

http://www.cnbc.com/2019/04/30/amazon-freight-uber-for-trucking-service-running-since-last-year.html …http://www.techmeme.com/190501/p5#a190501p5 …","2","13","10","1556693471000","12:21 PM - 1 May 2019","/Techmeme/status/1123479964895141898"
"1557098429-34","https://twitter.com/search?l=&q=from%3Atechmeme%20since%3A2019-05-01%20until%3A2019-05-05&src=typd&lang=en","@Techmeme","Techmeme","Judge denies Lyft's petition to overturn New York City's minimum wage rule for ride-hailing drivers (@g_rapier / Business Insider)

http://www.businessinsider.com/lyft-loses-lawsuit-against-new-york-city-minimum-wage-rule-for-drivers-2019-5?op=1 …http://www.techmeme.com/190501/p31#a190501p31 …","","3","4","1556736977000","12:26 AM - 2 May 2019","/Techmeme/status/1123662443425804288"
"1557098429-92","https://twitter.com/search?l=&q=from%3Atechmeme%20since%3A2019-05-01%20until%3A2019-05-05&src=typd&lang=en","@Techmeme","Techmeme","Report: Facebook seeks ~$1B from financial firms and e-commerce sites to back its stablecoin as it readies its payments network and rewards system for users (@mdudas / The Block)

http://www.theblockcrypto.com/tiny/project-libra-facebook-to-launch-stablecoin-based-payments-network/ …http://www.techmeme.com/190502/p30#a190502p30 …","2","12","18","1556852184000","8:26 AM - 3 May 2019","/Techmeme/status/1124145653347684353"
"1557098429-83","https://twitter.com/search?l=&q=from%3Atechmeme%20since%3A2019-05-01%20until%3A2019-05-05&src=typd&lang=en","@Techmeme","Techmeme","Facebook is shutting down Bonfire, its Houseparty clone for group video chat, which company has been testing outside US since the fall of 2017 (@caseynewton / The Verge)

http://www.theverge.com/2019/5/3/18528317/facebook-bonfire-shutdown-group-video-chat-houseparty-clone …http://www.techmeme.com/190503/p11#a190503p11 …","","1","5","1556905278000","11:11 PM - 3 May 2019","/Techmeme/status/1124368345875324930"
"1557098429-87","https://twitter.com/search?l=&q=from%3Atechmeme%20since%3A2019-05-01%20until%3A2019-05-05&src=typd&lang=en","@Techmeme","Techmeme","Bond Mobility, an e-bike startup previously known as Smide co-founded by Horace Dediu, raises $20M Series A from Denso and others (@inafried / Axios)

http://www.axios.com/scoop-e-bike-startup-led-by-mobile-veterans-raises-20-million-6942c3cf-fc5e-473c-8712-1ae6b633182c.html …http://www.techmeme.com/190501/p19#a190501p19 …","","3","3","1556722571000","8:26 PM - 1 May 2019","/Techmeme/status/1123602020974329856"
"1557098429-25","https://twitter.com/search?l=&q=from%3Atechmeme%20since%3A2019-05-01%20until%3A2019-05-05&src=typd&lang=en","@Techmeme","Techmeme","UK's tax authority to delete records of ~5M people from its Voice ID biometric voice security system because it did not have clear user consent, violating GDPR (@steveranger / ZDNet)

http://www.zdnet.com/article/hmrc-to-delete-five-million-biometric-voice-records/ …http://www.techmeme.com/190503/p6#a190503p6 …","","3","6","1556894195000","8:06 PM - 3 May 2019","/Techmeme/status/1124321862790582272"
"1557098429-59","https://twitter.com/search?l=&q=from%3Atechmeme%20since%3A2019-05-01%20until%3A2019-05-05&src=typd&lang=en","@Techmeme","Techmeme","A look at Dara Khosrowshahi's tenure as Uber prepares to go public; source: CEO decided Travis Kalanick isn't welcome on the NYSE balcony for next week's IPO (@mikeisaac / New York Times)

http://www.nytimes.com/2019/05/03/technology/uber-ipo-ceo-dara-khosrowshahi-travis-kalanick.html …http://www.techmeme.com/190503/p13#a190503p13 …","1","1","9","1556911175000","12:49 AM - 4 May 2019","/Techmeme/status/1124393079992135680"
"1557098429-11","https://twitter.com/search?l=&q=from%3Atechmeme%20since%3A2019-05-01%20until%3A2019-05-05&src=typd&lang=en","@Techmeme","Techmeme","Confident Cannabis, an online platform for cannabis wholesale trading and lab testing, raises $12M Series A, bringing the total raised to $18M+ (@irisdorbian / Forbes)

http://www.forbes.com/sites/irisdorbian/2019/05/01/even-without-mainstream-vcs-confident-cannabis-snags-12-million-series-a/ …http://www.techmeme.com/190503/p8#a190503p8 …","","2","2","1556898994000","9:26 PM - 3 May 2019","/Techmeme/status/1124341991276449792"
"1557098429-90","https://twitter.com/search?l=&q=from%3Atechmeme%20since%3A2019-05-01%20until%3A2019-05-05&src=typd&lang=en","@Techmeme","Techmeme","Examity, a platform for online course providers that offers student ID verification and automated exam proctoring, raises $90M round led by Great Hill Partners (@psawers / VentureBeat)

http://venturebeat.com/2019/04/30/examity-raises-90-million-for-online-proctoring-platform-that-thwarts-exam-cheats/ …http://www.techmeme.com/190430/p59#a190430p59 …","","1","1","1556668890000","5:31 AM - 1 May 2019","/Techmeme/status/1123376862632271872"
"1557098429-67","https://twitter.com/search?l=&q=from%3Atechmeme%20since%3A2019-05-01%20until%3A2019-05-05&src=typd&lang=en","@Techmeme","Techmeme","Stripe says it's fifth engineering hub will be remote, to situate product development closer to customers, and it will hire 100+ remote engineers in 2019 (@dps / Stripe Blog)

http://stripe.com/blog/remote-hub http://www.techmeme.com/190503/p1#a190503p1 …","1","6","9","1556856686000","9:41 AM - 3 May 2019","/Techmeme/status/1124164538906152960"
